company_name,industry,annual_revenue,account_owner_email,health_rating
Marble Associates,Education,936640,marcus.oyelaran@polarisio.com,9
Ascend Logistics,Education,684920,olu.adebayo@polarisio.com,5
Larkspur Industries,Transportation,3313202,marcus.oyelaran@polarisio.com,3
Aspen Technologies,Professional Services,2679396,nikhil.varma@polarisio.com,4
Chandler Enterprises,Energy,4026588,olu.adebayo@polarisio.com,4
Northstar Ventures,Financial Services,513621,tomas.eklund@polarisio.com,5
Granite Enterprises,Financial Services,300660,nikhil.varma@polarisio.com,10
Westfield Enterprises,Professional Services,4781005,nikhil.varma@polarisio.com,2
Maverick Networks,Manufacturing,4102475,june.tanaka@polarisio.com,10
Fathom Laboratories,Energy,3799118,marcus.oyelaran@polarisio.com,9
Wellspring Logistics,Healthcare,349219,clara.bergstrom@polarisio.com,6
Kindred Digital,Media & Entertainment,3506884,rafael.mendoza@polarisio.com,8
Solstice Digital,Education,3913662,nikhil.varma@polarisio.com,1
Maverick Group,Healthcare,104041,ingrid.solheim@polarisio.com,3
Overland Diagnostics,Media & Entertainment,2006047,olu.adebayo@polarisio.com,3
Thornton Analytics,Healthcare,1154882,rafael.mendoza@polarisio.com,8
Obsidian Solutions,Healthcare,4344082,ingrid.solheim@polarisio.com,7
Sunfield Materials,Energy,3846847,nikhil.varma@polarisio.com,15
Echo Diagnostics,Financial Services,310834,olu.adebayo@polarisio.com,5
Helix Robotics,Technology,4475246,tomas.eklund@polarisio.com,8
Anchor Software,Healthcare,3510954,olu.adebayo@polarisio.com,2
Onyx Enterprises,Financial Services,253208,olu.adebayo@polarisio.com,1
Vista Holdings,Education,3379291,priya.raghunathan@polarisio.com,7
Glacier Laboratories,Media & Entertainment,3143634,nikhil.varma@polarisio.com,2
Lantern Laboratories,Media & Entertainment,1024738,dana.whitfield@polarisio.com,4
Lodestar Networks,Healthcare,1734526,clara.bergstrom@polarisio.com,7
Hillcrest Capital,Education,3447284,ingrid.solheim@polarisio.com,3
Trellis Solutions,Retail,2698404,dana.whitfield@polarisio.com,1
Magnolia Industries,Media & Entertainment,2390834,tomas.eklund@polarisio.com,4
Grovewood Logistics,Healthcare,355203,rafael.mendoza@polarisio.com,10
Wildflower Enterprises,Financial Services,4137675,marcus.oyelaran@polarisio.com,3
Bedrock Ventures,Retail,672322,june.tanaka@polarisio.com,11
Oakhaven Systems,Retail,3031699,rafael.mendoza@polarisio.com,7
Keystone Industries,Energy,4050527,priya.raghunathan@polarisio.com,4
Magnolia Enterprises,Technology,3027717,tomas.eklund@polarisio.com,-1
Ember Associates,Energy,849336,tomas.eklund@polarisio.com,6
Meridian Systems,Transportation,4638715,ingrid.solheim@polarisio.com,9
Atlas Industries,Manufacturing,3668473,ingrid.solheim@polarisio.com,6
Maverick Industries,Media & Entertainment,4672309,olu.adebayo@polarisio.com,7
Trailhead Logistics,Manufacturing,2120968,marcus.oyelaran@polarisio.com,4
Kestrel Holdings,Media & Entertainment,4454607,ingrid.solheim@polarisio.com,7
Glacier Ventures,Media & Entertainment,3379561,marcus.oyelaran@polarisio.com,10
Lighthouse Industries,Education,4933736,dana.whitfield@polarisio.com,10
Evergreen Digital,Manufacturing,1233425,priya.raghunathan@polarisio.com,8
Larkspur Diagnostics,Healthcare,3238427,ingrid.solheim@polarisio.com,10
Falcon Partners,Manufacturing,4295926,ingrid.solheim@polarisio.com,1
Northstar Solutions,Professional Services,3402718,olu.adebayo@polarisio.com,9
Lattice Systems,Professional Services,4224380,rafael.mendoza@polarisio.com,7
Vertex Analytics,Energy,4514410,rafael.mendoza@polarisio.com,8
Delta Associates,Technology,4332395,priya.raghunathan@polarisio.com,2
Lodestar Group,Media & Entertainment,3297636,priya.raghunathan@polarisio.com,10
Vireo Digital,Technology,4810542,priya.raghunathan@polarisio.com,1
Verdant Group,Manufacturing,1167580,june.tanaka@polarisio.com,7
Oakline Analytics,Professional Services,3341556,nikhil.varma@polarisio.com,2
Helix Digital,Technology,3597018,marcus.oyelaran@polarisio.com,5
Clarion Industries,Manufacturing,4266585,marcus.oyelaran@polarisio.com,7
Oakhaven Associates,Manufacturing,1168547,ingrid.solheim@polarisio.com,9
Cobalt Systems,Healthcare,1985185,ingrid.solheim@polarisio.com,4
Brightline Diagnostics,Manufacturing,4849000,nikhil.varma@polarisio.com,9
Silverton Industries,Technology,2960123,nikhil.varma@polarisio.com,10
Saffron Laboratories,Healthcare,2134941,olu.adebayo@polarisio.com,5
Palisade Logistics,Financial Services,3159569,priya.raghunathan@polarisio.com,2
Equinox Analytics,Professional Services,781398,nikhil.varma@polarisio.com,2
Oakline Solutions,Education,904084,priya.raghunathan@polarisio.com,7
Linden Diagnostics,Education,2860635,tomas.eklund@polarisio.com,7
Willowbrook Capital,Manufacturing,1256721,dana.whitfield@polarisio.com,4
Zephyr Networks,Education,4156448,dana.whitfield@polarisio.com,2
Quartz Enterprises,Transportation,4061918,nikhil.varma@polarisio.com,3
Grovewood Digital,Energy,1599343,priya.raghunathan@polarisio.com,1
Quarry Materials,Healthcare,2537892,clara.bergstrom@polarisio.com,8
Ardent Laboratories,Healthcare,2760179,clara.bergstrom@polarisio.com,10
Jasper Solutions,Healthcare,3174168,dana.whitfield@polarisio.com,7
Rampart Technologies,Professional Services,3408514,nikhil.varma@polarisio.com,4
Longview Solutions,Manufacturing,838405,dana.whitfield@polarisio.com,10
Upland Associates,Manufacturing,1710929,tomas.eklund@polarisio.com,10
Juniper Systems,Energy,386460,tomas.eklund@polarisio.com,4
Keystone Robotics,Media & Entertainment,1965485,nikhil.varma@polarisio.com,10
Keystone Diagnostics,Professional Services,722542,marcus.oyelaran@polarisio.com,5
Palisade Diagnostics,Media & Entertainment,2723302,nikhil.varma@polarisio.com,4
Lattice Software,Education,1798718,dana.whitfield@polarisio.com,10
Silverton Holdings,Manufacturing,4090816,priya.raghunathan@polarisio.com,9
Waypoint Robotics,Financial Services,2316714,ingrid.solheim@polarisio.com,8
Everest Software,Energy,244694,priya.raghunathan@polarisio.com,3
Alder Laboratories,Energy,3507398,priya.raghunathan@polarisio.com,3
Voyager Dynamics,Transportation,2130122,olu.adebayo@polarisio.com,3
Dunmore Analytics,Energy,1246207,ingrid.solheim@polarisio.com,4
Delta Logistics,Financial Services,367991,june.tanaka@polarisio.com,2
Alloy Industries,Energy,2351611,priya.raghunathan@polarisio.com,3
Larkspur Solutions,Energy,1608690,rafael.mendoza@polarisio.com,2
Birch Holdings,Transportation,4798115,priya.raghunathan@polarisio.com,7
Echo Group,Professional Services,-732074,priya.raghunathan@polarisio.com,4
Sierra Partners,Retail,4219109,clara.bergstrom@polarisio.com,9
Yarrow Capital,Healthcare,3012170,dana.whitfield@polarisio.com,9
Arbor Holdings,Healthcare,1355057,ingrid.solheim@polarisio.com,9
Whitestone Industries,Retail,3134222,june.tanaka@polarisio.com,6
Zenith Consulting,Retail,1999267,ingrid.solheim@polarisio.com,8
Southfield Partners,Energy,1229568,olu.adebayo@polarisio.com,6
Maverick Robotics,Energy,4610184,clara.bergstrom@polarisio.com,1
Laurel Software,Technology,343467,tomas.eklund@polarisio.com,9
Axiom Digital,Healthcare,841358,nikhil.varma@polarisio.com,1
Mesa Capital,Transportation,4878913,clara.bergstrom@polarisio.com,5
Blackstone Partners,Financial Services,4273673,nikhil.varma@polarisio.com,8
Midland Diagnostics,Energy,1272469,tomas.eklund@polarisio.com,9
Ledger Capital,Professional Services,3064084,nikhil.varma@polarisio.com,4
Maplewood Ventures,Financial Services,1723121,priya.raghunathan@polarisio.com,2
Evergreen Associates,Manufacturing,1166496,clara.bergstrom@polarisio.com,5
Ravenwood Solutions,Transportation,1296011,marcus.oyelaran@polarisio.com,6
Summit Digital,Media & Entertainment,1168202,marcus.oyelaran@polarisio.com,4
Ridgeline Materials,Manufacturing,1215624,nikhil.varma@polarisio.com,5
Longview Diagnostics,Energy,2336790,marcus.oyelaran@polarisio.com,3
Summit Laboratories,Media & Entertainment,2428773,june.tanaka@polarisio.com,3
Silverton Enterprises,Transportation,3645878,priya.raghunathan@polarisio.com,8
Cardinal Capital,Media & Entertainment,117126,clara.bergstrom@polarisio.com,2
Slate Partners,Media & Entertainment,426503,priya.raghunathan@polarisio.com,10
Southfield Holdings,Financial Services,920752,dana.whitfield@polarisio.com,4
Ascend Analytics,Transportation,1427546,marcus.oyelaran@polarisio.com,6
Legacy Logistics,Energy,-2027556,marcus.oyelaran@polarisio.com,9
Ardent Digital,Media & Entertainment,2714666,nikhil.varma@polarisio.com,2
Gateway Consulting,Education,1352406,dana.whitfield@polarisio.com,1
Crimson Solutions,Healthcare,3001179,rafael.mendoza@polarisio.com,3
Monarch Logistics,Technology,714052,rafael.mendoza@polarisio.com,10
Ravenwood Group,Professional Services,4725884,priya.raghunathan@polarisio.com,8
Meridian Logistics,Education,2481434,ingrid.solheim@polarisio.com,3
Lumen Industries,Education,2332679,ingrid.solheim@polarisio.com,5
Cobalt Capital,Healthcare,4702191,marcus.oyelaran@polarisio.com,4
Citadel Technologies,Financial Services,1253662,dana.whitfield@polarisio.com,6
Palisade Partners,Energy,1530523,nikhil.varma@polarisio.com,7
Hillcrest Industries,Media & Entertainment,1989192,june.tanaka@polarisio.com,4
Timberline Digital,Retail,3139069,olu.adebayo@polarisio.com,7
Lodestar Associates,Energy,1051671,ingrid.solheim@polarisio.com,7
Laurel Dynamics,Media & Entertainment,1207156,nikhil.varma@polarisio.com,3
Alloy Consulting,Energy,2233605,rafael.mendoza@polarisio.com,3
Arbor Consulting,Professional Services,4878019,nikhil.varma@polarisio.com,2
Delta Analytics,Financial Services,4779890,marcus.oyelaran@polarisio.com,7
Echo Digital,Manufacturing,3689921,olu.adebayo@polarisio.com,9
Helix Materials,Energy,2671566,priya.raghunathan@polarisio.com,9
Gateway Ventures,Media & Entertainment,4666954,olu.adebayo@polarisio.com,1
Cascade Associates,Energy,3900306,priya.raghunathan@polarisio.com,7
Winterset Analytics,Professional Services,25578,ingrid.solheim@polarisio.com,1
Palisade Enterprises,Manufacturing,1866827,tomas.eklund@polarisio.com,4
Millbrook Partners,Technology,2522171,ingrid.solheim@polarisio.com,6
Mesa Digital,Transportation,166565,marcus.oyelaran@polarisio.com,9
Anchor Diagnostics,Healthcare,2826011,dana.whitfield@polarisio.com,9
Fernwood Networks,Energy,3341037,dana.whitfield@polarisio.com,1
Willowbrook Associates,Healthcare,4574459,june.tanaka@polarisio.com,3
Lantern Analytics,Healthcare,1181471,clara.bergstrom@polarisio.com,5
Clarion Partners,Healthcare,2553245,tomas.eklund@polarisio.com,-1
Cedar Technologies,Education,4652320,priya.raghunathan@polarisio.com,8
Southfield Networks,Transportation,997629,ingrid.solheim@polarisio.com,2
Hallmark Solutions,Transportation,2602525,priya.raghunathan@polarisio.com,8
Sierra Networks,Energy,4394409,marcus.oyelaran@polarisio.com,2
Sterling Digital,Retail,716999,dana.whitfield@polarisio.com,9
Pemberton Materials,Financial Services,-1639304,june.tanaka@polarisio.com,5
Linden Logistics,Media & Entertainment,2318679,olu.adebayo@polarisio.com,6
Crestview Enterprises,Healthcare,1518031,nikhil.varma@polarisio.com,9
Argon Logistics,Energy,190206,ingrid.solheim@polarisio.com,4
Falcon Group,Energy,1261114,marcus.oyelaran@polarisio.com,9
Ascend Solutions,Transportation,4748832,priya.raghunathan@polarisio.com,6
Veridian Group,Healthcare,2639076,rafael.mendoza@polarisio.com,10
Orbit Laboratories,Manufacturing,423482,olu.adebayo@polarisio.com,5
Vista Partners,Healthcare,96572,olu.adebayo@polarisio.com,3
Onyx Materials,Financial Services,164117,rafael.mendoza@polarisio.com,6
Marble Capital,Manufacturing,2054228,clara.bergstrom@polarisio.com,3
Copper Logistics,Manufacturing,4017452,dana.whitfield@polarisio.com,6
Windward Consulting,Professional Services,-4188843,tomas.eklund@polarisio.com,9
Monarch Partners,Professional Services,2628444,tomas.eklund@polarisio.com,6
Atlas Diagnostics,Transportation,3378953,ingrid.solheim@polarisio.com,5
Fernwood Materials,Healthcare,4230888,ingrid.solheim@polarisio.com,6
Wildflower Digital,Transportation,4980280,ingrid.solheim@polarisio.com,4
Brightline Technologies,Education,3083862,priya.raghunathan@polarisio.com,9
Equinox Logistics,Professional Services,2888101,rafael.mendoza@polarisio.com,3
Upland Software,Transportation,922954,priya.raghunathan@polarisio.com,10
Echo Laboratories,Transportation,3817808,dana.whitfield@polarisio.com,7
Rampart Group,Media & Entertainment,2285393,olu.adebayo@polarisio.com,6
Argon Systems,Media & Entertainment,3721995,ingrid.solheim@polarisio.com,3
Brightline Capital,Healthcare,3486594,priya.raghunathan@polarisio.com,3
Summit Materials,Professional Services,490176,rafael.mendoza@polarisio.com,6
Midland Industries,Media & Entertainment,135948,ingrid.solheim@polarisio.com,7
Verdant Enterprises,Transportation,2751131,olu.adebayo@polarisio.com,1
Driftwood Enterprises,Technology,4134245,marcus.oyelaran@polarisio.com,7
Laurel Diagnostics,Technology,1450620,olu.adebayo@polarisio.com,8
Brightline Holdings,Education,4310446,tomas.eklund@polarisio.com,8
Silverton Holdings,Manufacturing,4284184,priya.raghunathan@polarisio.com,8
Laurel Materials,Retail,1502580,olu.adebayo@polarisio.com,2
Zephyr Technologies,Manufacturing,3830443,olu.adebayo@polarisio.com,1
Cobalt Software,Education,327813,marcus.oyelaran@polarisio.com,2
Argon Solutions,Healthcare,2328820,tomas.eklund@polarisio.com,2
Southfield Analytics,Healthcare,1578473,priya.raghunathan@polarisio.com,9
Bedrock Digital,Financial Services,3163767,nikhil.varma@polarisio.com,3
Trailhead Ventures,Education,702438,olu.adebayo@polarisio.com,10
Granite Diagnostics,Manufacturing,55881,dana.whitfield@polarisio.com,10
Jasper Associates,Media & Entertainment,4119659,clara.bergstrom@polarisio.com,10
Slate Associates,Professional Services,4039286,tomas.eklund@polarisio.com,2
Grovewood Analytics,Financial Services,3472359,nikhil.varma@polarisio.com,9
Laurel Ventures,Professional Services,-1575538,clara.bergstrom@polarisio.com,6
Thornton Technologies,Manufacturing,3488031,rafael.mendoza@polarisio.com,2
Bastion Capital,Energy,2894400,olu.adebayo@polarisio.com,4
Yellowstone Partners,Financial Services,1552549,dana.whitfield@polarisio.com,3
Cadence Diagnostics,Media & Entertainment,3993365,tomas.eklund@polarisio.com,5
Foundry Associates,Technology,853181,priya.raghunathan@polarisio.com,5
Stonebridge Logistics,Professional Services,1057119,marcus.oyelaran@polarisio.com,1
Dunmore Systems,Technology,-3383390,rafael.mendoza@polarisio.com,1
Willowbrook Digital,Manufacturing,2923501,marcus.oyelaran@polarisio.com,5
Tempest Digital,Financial Services,938987,priya.raghunathan@polarisio.com,9
Willowbrook Ventures,Manufacturing,916024,marcus.oyelaran@polarisio.com,1
Pemberton Laboratories,Technology,1516306,olu.adebayo@polarisio.com,4
Hearth Capital,Technology,3909743,marcus.oyelaran@polarisio.com,4
Cortex Analytics,Education,2546096,tomas.eklund@polarisio.com,9
Rosewood Analytics,Technology,1363362,ingrid.solheim@polarisio.com,4
Nightingale Networks,Retail,530175,ingrid.solheim@polarisio.com,7
Monarch Analytics,Manufacturing,1491581,clara.bergstrom@polarisio.com,1
Maplewood Robotics,Retail,2771601,clara.bergstrom@polarisio.com,7
Oakhaven Logistics,Retail,2222561,clara.bergstrom@polarisio.com,6
Cypress Dynamics,Healthcare,1267974,tomas.eklund@polarisio.com,1
Copper Digital,Transportation,3370148,rafael.mendoza@polarisio.com,9
Northgate Software,Technology,3722619,priya.raghunathan@polarisio.com,1
Legacy Digital,Retail,1993036,june.tanaka@polarisio.com,4
Whitestone Robotics,Healthcare,2107019,tomas.eklund@polarisio.com,3
Yellowstone Digital,Healthcare,3915184,olu.adebayo@polarisio.com,7
Ridgeline Capital,Financial Services,278931,nikhil.varma@polarisio.com,8
Cedar Industries,Education,369154,june.tanaka@polarisio.com,2
Lumen Consulting,Media & Entertainment,2118743,rafael.mendoza@polarisio.com,10
Ravenwood Networks,Energy,3547810,priya.raghunathan@polarisio.com,2
Hillcrest Software,Media & Entertainment,1858700,tomas.eklund@polarisio.com,6
Sierra Diagnostics,Technology,4034711,ingrid.solheim@polarisio.com,3
Silverton Networks,Financial Services,2593990,june.tanaka@polarisio.com,2
Ironwood Partners,Manufacturing,2130151,tomas.eklund@polarisio.com,2
Monarch Diagnostics,Professional Services,3810895,rafael.mendoza@polarisio.com,10
Winterset Dynamics,Manufacturing,2183437,marcus.oyelaran@polarisio.com,5
Rampart Materials,Retail,1870343,rafael.mendoza@polarisio.com,2
Kestrel Systems,Manufacturing,4323850,tomas.eklund@polarisio.com,7
Grovewood Solutions,Healthcare,1078967,ingrid.solheim@polarisio.com,10
Harbor Laboratories,Manufacturing,671278,olu.adebayo@polarisio.com,8
Nimbus Networks,Healthcare,1414534,clara.bergstrom@polarisio.com,7
Wellspring Diagnostics,Energy,3777111,priya.raghunathan@polarisio.com,6
Goldleaf Enterprises,Professional Services,4149499,tomas.eklund@polarisio.com,4
Echo Technologies,Healthcare,1048455,nikhil.varma@polarisio.com,4
Harbor Technologies,Technology,4497659,dana.whitfield@polarisio.com,3
Halcyon Logistics,Technology,3209577,june.tanaka@polarisio.com,2
Evergreen Materials,Retail,2192437,priya.raghunathan@polarisio.com,1
Nimbus Laboratories,Professional Services,1562947,olu.adebayo@polarisio.com,2
Sunfield Analytics,Retail,1912384,olu.adebayo@polarisio.com,6
Pemberton Systems,Manufacturing,1617939,clara.bergstrom@polarisio.com,7
Westbrook Robotics,Retail,3696586,june.tanaka@polarisio.com,5
Brightline Ventures,Retail,4516340,priya.raghunathan@polarisio.com,9
Tallgrass Technologies,Professional Services,3363750,nikhil.varma@polarisio.com,4
Goldleaf Associates,Energy,3237220,rafael.mendoza@polarisio.com,4
Trellis Digital,Media & Entertainment,1778739,nikhil.varma@polarisio.com,9
Cardinal Diagnostics,Transportation,4240874,june.tanaka@polarisio.com,3
Atlas Laboratories,Financial Services,3948650,ingrid.solheim@polarisio.com,10
Nimbus Diagnostics,Healthcare,3338475,rafael.mendoza@polarisio.com,9
Windward Systems,Energy,3880513,rafael.mendoza@polarisio.com,2
Helix Solutions,Professional Services,452702,rafael.mendoza@polarisio.com,9
Upland Consulting,Professional Services,2730880,june.tanaka@polarisio.com,3
Palisade Consulting,Retail,3212622,priya.raghunathan@polarisio.com,7
Mistral Enterprises,Retail,125203,rafael.mendoza@polarisio.com,2
Granite Technologies,Technology,1302046,ingrid.solheim@polarisio.com,5
Nimbus Dynamics,Manufacturing,4178733,marcus.oyelaran@polarisio.com,9
Seabright Industries,Energy,4057014,ingrid.solheim@polarisio.com,3
Ivory Ventures,Media & Entertainment,3960568,olu.adebayo@polarisio.com,5
Everest Associates,Education,2477706,olu.adebayo@polarisio.com,3
Juniper Analytics,Transportation,1187514,olu.adebayo@polarisio.com,3
Ascend Technologies,Professional Services,2978336,priya.raghunathan@polarisio.com,10
Gateway Software,Financial Services,3694991,nikhil.varma@polarisio.com,8
Marble Technologies,Professional Services,4533858,dana.whitfield@polarisio.com,7
Zenith Associates,Technology,3370995,tomas.eklund@polarisio.com,5
Sentinel Laboratories,Financial Services,4799741,nikhil.varma@polarisio.com,7
Basalt Logistics,Healthcare,3339396,priya.raghunathan@polarisio.com,4
Mistral Associates,Retail,543361,june.tanaka@polarisio.com,6
Lattice Solutions,Technology,1016636,marcus.oyelaran@polarisio.com,2
Jasper Laboratories,Retail,146754,clara.bergstrom@polarisio.com,3
Thistle Materials,Education,676688,olu.adebayo@polarisio.com,3
Cedar Software,Financial Services,17278,dana.whitfield@polarisio.com,7
Stillwater Partners,Energy,2306170,marcus.oyelaran@polarisio.com,10
Yellowstone Ventures,Healthcare,2211609,nikhil.varma@polarisio.com,3
Crimson Laboratories,Technology,320736,rafael.mendoza@polarisio.com,1
Legacy Capital,Financial Services,2877110,june.tanaka@polarisio.com,3
Nimbus Digital,Healthcare,4468294,marcus.oyelaran@polarisio.com,9
Lodestar Partners,Professional Services,4861482,priya.raghunathan@polarisio.com,1
Lighthouse Dynamics,Media & Entertainment,4386913,olu.adebayo@polarisio.com,4
Flint Dynamics,Manufacturing,4156398,ingrid.solheim@polarisio.com,1
Willowbrook Technologies,Manufacturing,41013,tomas.eklund@polarisio.com,4
Blackstone Capital,Energy,78820,tomas.eklund@polarisio.com,2
Crescent Digital,Education,4878611,dana.whitfield@polarisio.com,5
Magnolia Dynamics,Education,227786,ingrid.solheim@polarisio.com,2
Pinnacle Partners,Technology,3379115,nikhil.varma@polarisio.com,4
Birch Robotics,Education,2343351,dana.whitfield@polarisio.com,9
Legacy Analytics,Education,2336963,priya.raghunathan@polarisio.com,10
Legacy Dynamics,Manufacturing,756389,olu.adebayo@polarisio.com,4
Foundry Networks,Manufacturing,578703,rafael.mendoza@polarisio.com,5
Goldleaf Partners,Financial Services,2168319,june.tanaka@polarisio.com,8
Falcon Capital,Professional Services,2086161,marcus.oyelaran@polarisio.com,5
Mariner Technologies,Media & Entertainment,966043,nikhil.varma@polarisio.com,4
Ember Networks,Energy,2455238,june.tanaka@polarisio.com,1
Quarry Robotics,Transportation,4602976,marcus.oyelaran@polarisio.com,5
Orbit Digital,Manufacturing,4406215,olu.adebayo@polarisio.com,9
Granite Logistics,Energy,4787730,ingrid.solheim@polarisio.com,10
Atlas Associates,Retail,888497,marcus.oyelaran@polarisio.com,6
Wellspring Enterprises,Media & Entertainment,1733176,rafael.mendoza@polarisio.com,7
Nova Technologies,Media & Entertainment,4737858,dana.whitfield@polarisio.com,5
Gateway Materials,Manufacturing,4263929,clara.bergstrom@polarisio.com,1
Driftwood Laboratories,Manufacturing,584317,priya.raghunathan@polarisio.com,3
Lattice Analytics,Manufacturing,295152,marcus.oyelaran@polarisio.com,4
Summit Analytics,Retail,2797803,tomas.eklund@polarisio.com,9
Voyager Enterprises,Manufacturing,190288,priya.raghunathan@polarisio.com,5
Silverton Associates,Manufacturing,2341422,tomas.eklund@polarisio.com,1
Hillcrest Holdings,Healthcare,2377342,dana.whitfield@polarisio.com,4
Mariner Group,Media & Entertainment,2691359,rafael.mendoza@polarisio.com,3
Stratus Enterprises,Healthcare,4376922,ingrid.solheim@polarisio.com,1
Tidewater Digital,Education,2326940,clara.bergstrom@polarisio.com,8
Hearth Analytics,Professional Services,3607902,nikhil.varma@polarisio.com,5
Goldleaf Ventures,Transportation,2672396,june.tanaka@polarisio.com,5
Northstar Capital,Energy,2800298,priya.raghunathan@polarisio.com,6
Bedrock Solutions,Professional Services,4372697,ingrid.solheim@polarisio.com,8
Vireo Software,Education,3899667,dana.whitfield@polarisio.com,6
Crimson Technologies,Financial Services,1823324,nikhil.varma@polarisio.com,8
Lantern Industries,Retail,1503262,tomas.eklund@polarisio.com,7
Lighthouse Technologies,Energy,708385,ingrid.solheim@polarisio.com,7
Cortex Diagnostics,Financial Services,1440360,rafael.mendoza@polarisio.com,6
Overland Technologies,Retail,2417904,priya.raghunathan@polarisio.com,5
Basalt Digital,Education,3848165,tomas.eklund@polarisio.com,7
Northgate Consulting,Energy,3362761,olu.adebayo@polarisio.com,9
Winterset Laboratories,Retail,3367418,rafael.mendoza@polarisio.com,8
Voyager Logistics,Professional Services,4073506,dana.whitfield@polarisio.com,7
Frontier Partners,Education,475861,marcus.oyelaran@polarisio.com,9
Silverton Digital,Financial Services,4908830,ingrid.solheim@polarisio.com,1
Nova Enterprises,Retail,3834588,priya.raghunathan@polarisio.com,10
Veridian Consulting,Professional Services,527068,priya.raghunathan@polarisio.com,2
Juniper Solutions,Healthcare,110339,june.tanaka@polarisio.com,2
Torchlight Associates,Retail,4766702,nikhil.varma@polarisio.com,4
Wellspring Software,Media & Entertainment,2839839,june.tanaka@polarisio.com,6
Driftwood Technologies,Professional Services,2814332,ingrid.solheim@polarisio.com,4
Juniper Enterprises,Professional Services,2135508,rafael.mendoza@polarisio.com,5
Cortex Systems,Transportation,791018,rafael.mendoza@polarisio.com,10
Laurel Solutions,Financial Services,3708441,ingrid.solheim@polarisio.com,6
Onyx Industries,Manufacturing,3510845,tomas.eklund@polarisio.com,10
Lattice Consulting,Media & Entertainment,2971986,clara.bergstrom@polarisio.com,9
Coral Enterprises,Transportation,2382541,dana.whitfield@polarisio.com,9
Riverstone Robotics,Professional Services,4102814,tomas.eklund@polarisio.com,1
Mosswood Technologies,Professional Services,1747442,clara.bergstrom@polarisio.com,7
Pinnacle Holdings,Manufacturing,4343639,nikhil.varma@polarisio.com,5
Onyx Ventures,Manufacturing,4494844,olu.adebayo@polarisio.com,6
Lattice Group,Transportation,2727270,dana.whitfield@polarisio.com,2
Foundry Ventures,Energy,1129961,ingrid.solheim@polarisio.com,3
Tundra Analytics,Education,1037836,dana.whitfield@polarisio.com,8
Lantern Dynamics,Transportation,894252,priya.raghunathan@polarisio.com,2
Foundry Systems,Technology,1177146,priya.raghunathan@polarisio.com,6
Winterset Solutions,Healthcare,2112938,olu.adebayo@polarisio.com,8
Grovewood Consulting,Technology,17074,clara.bergstrom@polarisio.com,6
Hillcrest Systems,Retail,3959497,priya.raghunathan@polarisio.com,2
Eastgate Diagnostics,Financial Services,440423,june.tanaka@polarisio.com,5
Granite Dynamics,Education,2897001,dana.whitfield@polarisio.com,5
Jasper Holdings,Financial Services,464227,clara.bergstrom@polarisio.com,7
Lakeshore Networks,Technology,3943156,olu.adebayo@polarisio.com,9
Umbra Logistics,Financial Services,2429045,marcus.oyelaran@polarisio.com,2
Crimson Networks,Financial Services,951464,rafael.mendoza@polarisio.com,1
Yellowstone Materials,Media & Entertainment,3413748,nikhil.varma@polarisio.com,1
Flint Dynamics,Manufacturing,4501834,ingrid.solheim@polarisio.com,3
Tidewater Group,Professional Services,4560275,nikhil.varma@polarisio.com,4
Mesa Associates,Energy,1026729,nikhil.varma@polarisio.com,9
Voyager Consulting,Healthcare,4067259,nikhil.varma@polarisio.com,5
Laurel Networks,Financial Services,4232681,tomas.eklund@polarisio.com,4
Zenith Networks,Transportation,1855175,priya.raghunathan@polarisio.com,9
Axiom Laboratories,Transportation,3970294,priya.raghunathan@polarisio.com,6
Ivory Diagnostics,Retail,4490375,olu.adebayo@polarisio.com,3
Stonebridge Solutions,Education,3072496,june.tanaka@polarisio.com,5
Galewind Software,Media & Entertainment,563307,rafael.mendoza@polarisio.com,2
Torchlight Partners,Manufacturing,2308289,rafael.mendoza@polarisio.com,8
Sunfield Technologies,Financial Services,4671337,olu.adebayo@polarisio.com,1
Titan Industries,Energy,3186871,rafael.mendoza@polarisio.com,9
Brightline Networks,Healthcare,784317,june.tanaka@polarisio.com,7
Fernwood Laboratories,Manufacturing,1625189,ingrid.solheim@polarisio.com,5
Eastgate Digital,Retail,1625875,rafael.mendoza@polarisio.com,10
Westfield Robotics,Healthcare,144540,june.tanaka@polarisio.com,1
Northstar Partners,Healthcare,3579263,priya.raghunathan@polarisio.com,5
Pillar Systems,Healthcare,2646374,marcus.oyelaran@polarisio.com,8
Alder Software,Energy,798196,clara.bergstrom@polarisio.com,4
Crestview Holdings,Healthcare,4247424,priya.raghunathan@polarisio.com,7
Frontier Robotics,Healthcare,3688651,marcus.oyelaran@polarisio.com,8
Truewind Capital,Healthcare,971708,marcus.oyelaran@polarisio.com,9
Ivory Networks,Healthcare,2848564,tomas.eklund@polarisio.com,5
Oakhaven Solutions,Education,290698,dana.whitfield@polarisio.com,10
Jasper Networks,Energy,4310394,priya.raghunathan@polarisio.com,7
Peregrine Diagnostics,Media & Entertainment,3261044,june.tanaka@polarisio.com,6
Slate Systems,Media & Entertainment,4083380,nikhil.varma@polarisio.com,10
Nightingale Partners,Technology,1036160,clara.bergstrom@polarisio.com,6
Alloy Robotics,Education,4726748,olu.adebayo@polarisio.com,10
Citadel Materials,Financial Services,1588961,clara.bergstrom@polarisio.com,7
Fernwood Technologies,Professional Services,2522563,rafael.mendoza@polarisio.com,7
Everest Solutions,Retail,639038,dana.whitfield@polarisio.com,2
Ivory Consulting,Retail,4261306,june.tanaka@polarisio.com,3
Elmwood Enterprises,Financial Services,14554,dana.whitfield@polarisio.com,8
Clarion Group,Professional Services,2835602,ingrid.solheim@polarisio.com,2
Voyager Materials,Financial Services,-257324,rafael.mendoza@polarisio.com,7
Voyager Systems,Education,2428194,clara.bergstrom@polarisio.com,1
Helix Logistics,Healthcare,4493042,nikhil.varma@polarisio.com,6
Ironwood Technologies,Transportation,2141454,rafael.mendoza@polarisio.com,0
Cadence Robotics,Transportation,4411316,marcus.oyelaran@polarisio.com,5
Ravenwood Industries,Healthcare,194856,tomas.eklund@polarisio.com,9
Cobalt Robotics,Healthcare,2514390,olu.adebayo@polarisio.com,7
Waypoint Ventures,Energy,3265530,olu.adebayo@polarisio.com,5
Quartz Software,Energy,3880143,marcus.oyelaran@polarisio.com,2
Windward Holdings,Retail,1194780,june.tanaka@polarisio.com,3
Trellis Analytics,Financial Services,66416,rafael.mendoza@polarisio.com,1
Apex Analytics,Manufacturing,4918670,clara.bergstrom@polarisio.com,5
Linden Software,Retail,3991343,clara.bergstrom@polarisio.com,6
Laurel Capital,Financial Services,4500561,ingrid.solheim@polarisio.com,3
Shorewood Partners,Financial Services,3634521,olu.adebayo@polarisio.com,7
Stonebridge Group,Healthcare,2559336,marcus.oyelaran@polarisio.com,4
Saffron Logistics,Manufacturing,2386467,ingrid.solheim@polarisio.com,4
Stonebridge Technologies,Transportation,2745666,dana.whitfield@polarisio.com,8
Kestrel Technologies,Retail,2582392,nikhil.varma@polarisio.com,6
Verdant Ventures,Manufacturing,4074583,june.tanaka@polarisio.com,10
Zephyr Partners,Technology,4808240,ingrid.solheim@polarisio.com,9
Cascade Robotics,Energy,998022,olu.adebayo@polarisio.com,1
Jasper Materials,Transportation,461325,dana.whitfield@polarisio.com,5
Cortex Holdings,Manufacturing,2552593,ingrid.solheim@polarisio.com,10
Horizon Diagnostics,Retail,2111858,priya.raghunathan@polarisio.com,1
Trailhead Solutions,Technology,4970437,marcus.oyelaran@polarisio.com,9
Keystone Materials,Professional Services,2572381,ingrid.solheim@polarisio.com,7
Cascade Technologies,Professional Services,1474767,nikhil.varma@polarisio.com,3
Brightline Enterprises,Technology,1354150,rafael.mendoza@polarisio.com,7
Rampart Dynamics,Manufacturing,2699754,dana.whitfield@polarisio.com,3
Sentinel Group,Manufacturing,371920,priya.raghunathan@polarisio.com,10
Westbrook Dynamics,Energy,3627566,dana.whitfield@polarisio.com,-1
Titan Logistics,Transportation,3627617,tomas.eklund@polarisio.com,10
Crescent Digital,Education,5137713,dana.whitfield@polarisio.com,4
Sterling Diagnostics,Energy,4001066,marcus.oyelaran@polarisio.com,6
Bastion Systems,Technology,1413920,ingrid.solheim@polarisio.com,10
Stonebridge Diagnostics,Media & Entertainment,2664898,ingrid.solheim@polarisio.com,9
Wellspring Digital,Education,3647847,priya.raghunathan@polarisio.com,6
Verdant Materials,Media & Entertainment,4658231,clara.bergstrom@polarisio.com,15
Falcon Digital,Professional Services,3210135,clara.bergstrom@polarisio.com,6
Alloy Enterprises,Media & Entertainment,1170469,nikhil.varma@polarisio.com,8
Northgate Dynamics,Financial Services,4768795,dana.whitfield@polarisio.com,9
Bramble Analytics,Technology,1511730,olu.adebayo@polarisio.com,7
Meridian Technologies,Energy,1703926,ingrid.solheim@polarisio.com,8
Umbra Materials,Education,4301241,dana.whitfield@polarisio.com,6
Vireo Logistics,Professional Services,684010,clara.bergstrom@polarisio.com,4
Birch Capital,Financial Services,501961,priya.raghunathan@polarisio.com,2
Hallmark Dynamics,Retail,3785390,olu.adebayo@polarisio.com,-1
Timberline Capital,Professional Services,479136,olu.adebayo@polarisio.com,9
Laurel Dynamics,Media & Entertainment,1148473,nikhil.varma@polarisio.com,2
Umbra Group,Healthcare,3979370,clara.bergstrom@polarisio.com,1
Pemberton Technologies,Professional Services,575474,clara.bergstrom@polarisio.com,2
Ravenwood Dynamics,Professional Services,4808639,tomas.eklund@polarisio.com,6
Ember Enterprises,Education,618439,rafael.mendoza@polarisio.com,7
Slate Technologies,Energy,3225491,dana.whitfield@polarisio.com,1
Vertex Networks,Technology,826751,clara.bergstrom@polarisio.com,6
Westfield Systems,Manufacturing,1374461,olu.adebayo@polarisio.com,2
Millbrook Analytics,Manufacturing,2850648,tomas.eklund@polarisio.com,10
Nightingale Robotics,Financial Services,3055048,olu.adebayo@polarisio.com,6
Silverton Diagnostics,Retail,1425627,dana.whitfield@polarisio.com,7
Veridian Robotics,Media & Entertainment,1743136,nikhil.varma@polarisio.com,4
Quasar Laboratories,Transportation,4099393,olu.adebayo@polarisio.com,2
Blackstone Associates,Retail,1316253,ingrid.solheim@polarisio.com,1
Nimbus Consulting,Retail,1031042,clara.bergstrom@polarisio.com,8
Grovewood Dynamics,Financial Services,4522859,clara.bergstrom@polarisio.com,1
Kestrel Ventures,Manufacturing,4337056,nikhil.varma@polarisio.com,9
Vertex Consulting,Financial Services,1681493,priya.raghunathan@polarisio.com,7
Overland Robotics,Professional Services,2655908,olu.adebayo@polarisio.com,10
Granite Industries,Energy,2592585,rafael.mendoza@polarisio.com,7
Sterling Software,Education,542662,clara.bergstrom@polarisio.com,3
Brightline Laboratories,Media & Entertainment,4770390,dana.whitfield@polarisio.com,3
Tidewater Networks,Education,4908670,dana.whitfield@polarisio.com,6
Northstar Materials,Energy,1499679,olu.adebayo@polarisio.com,10
Titan Capital,Healthcare,3140647,clara.bergstrom@polarisio.com,10
Cedar Analytics,Financial Services,4203626,marcus.oyelaran@polarisio.com,10
Quartz Diagnostics,Healthcare,1937817,june.tanaka@polarisio.com,7
Harbor Materials,Financial Services,225423,nikhil.varma@polarisio.com,2
Ironwood Enterprises,Media & Entertainment,170429,tomas.eklund@polarisio.com,4
Cypress Industries,Technology,2067860,olu.adebayo@polarisio.com,6
Brightline Digital,Healthcare,3982598,marcus.oyelaran@polarisio.com,5
Axiom Consulting,Media & Entertainment,378310,priya.raghunathan@polarisio.com,6
Crimson Logistics,Energy,3214482,rafael.mendoza@polarisio.com,9
Cypress Systems,Financial Services,1622225,ingrid.solheim@polarisio.com,7
Calder Solutions,Manufacturing,4398014,june.tanaka@polarisio.com,5
Orbit Partners,Healthcare,2141755,olu.adebayo@polarisio.com,1
Lighthouse Logistics,Technology,2808342,clara.bergstrom@polarisio.com,4
Torchlight Systems,Technology,3293173,ingrid.solheim@polarisio.com,8
Maplewood Consulting,Retail,1262593,priya.raghunathan@polarisio.com,5
Lighthouse Analytics,Professional Services,994407,dana.whitfield@polarisio.com,9
Voyager Diagnostics,Financial Services,3652336,priya.raghunathan@polarisio.com,1
Redwood Group,Healthcare,4457631,marcus.oyelaran@polarisio.com,10
Bastion Laboratories,Healthcare,2534282,olu.adebayo@polarisio.com,3
Summit Logistics,Financial Services,3158845,marcus.oyelaran@polarisio.com,8
Ascend Partners,Energy,218977,priya.raghunathan@polarisio.com,8
Granite Partners,Media & Entertainment,2092377,ingrid.solheim@polarisio.com,7
Pillar Associates,Manufacturing,4663223,priya.raghunathan@polarisio.com,5
Northstar Logistics,Manufacturing,1424367,nikhil.varma@polarisio.com,3
Equinox Ventures,Transportation,4692031,june.tanaka@polarisio.com,2
Driftwood Analytics,Financial Services,1846644,ingrid.solheim@polarisio.com,3
Ardent Group,Manufacturing,2218172,marcus.oyelaran@polarisio.com,2
Copper Technologies,Healthcare,3982647,tomas.eklund@polarisio.com,6
Trailhead Enterprises,Transportation,4948127,ingrid.solheim@polarisio.com,3
Juniper Partners,Media & Entertainment,4256632,marcus.oyelaran@polarisio.com,9
Marble Robotics,Education,1607943,rafael.mendoza@polarisio.com,6
Mosswood Diagnostics,Education,3939179,ingrid.solheim@polarisio.com,10
Orbit Analytics,Technology,2152923,priya.raghunathan@polarisio.com,1
Juniper Associates,Retail,-3914029,olu.adebayo@polarisio.com,4
Ledger Technologies,Technology,1702042,clara.bergstrom@polarisio.com,5
Yarrow Group,Media & Entertainment,1234257,dana.whitfield@polarisio.com,5
Lumen Associates,Education,759101,tomas.eklund@polarisio.com,6
Foundry Capital,Retail,1767627,june.tanaka@polarisio.com,5
Foundry Materials,Media & Entertainment,3815977,olu.adebayo@polarisio.com,2
Titan Networks,Professional Services,3488186,june.tanaka@polarisio.com,1
Timberline Laboratories,Manufacturing,2040517,ingrid.solheim@polarisio.com,4
Mosswood Ventures,Retail,1111312,rafael.mendoza@polarisio.com,2
Glacier Consulting,Media & Entertainment,1023377,tomas.eklund@polarisio.com,4
Tidewater Laboratories,Manufacturing,1281807,clara.bergstrom@polarisio.com,7
Arbor Dynamics,Technology,3138773,ingrid.solheim@polarisio.com,9
Fathom Consulting,Technology,3944947,marcus.oyelaran@polarisio.com,5
Chandler Consulting,Financial Services,2176438,priya.raghunathan@polarisio.com,9
Veridian Technologies,Education,1154639,priya.raghunathan@polarisio.com,7
Lattice Holdings,Media & Entertainment,380979,dana.whitfield@polarisio.com,8
Kindred Logistics,Education,3465515,rafael.mendoza@polarisio.com,1
Bramble Materials,Media & Entertainment,3404021,june.tanaka@polarisio.com,1
Mosswood Laboratories,Financial Services,2385058,rafael.mendoza@polarisio.com,7
Stratus Diagnostics,Media & Entertainment,2467212,nikhil.varma@polarisio.com,4
Axiom Solutions,Professional Services,443018,ingrid.solheim@polarisio.com,10
Shorewood Solutions,Manufacturing,187950,nikhil.varma@polarisio.com,2
Winterset Robotics,Education,2894397,priya.raghunathan@polarisio.com,6
Driftwood Networks,Media & Entertainment,3992743,priya.raghunathan@polarisio.com,10
Whitestone Logistics,Retail,2072995,rafael.mendoza@polarisio.com,6
Arbor Laboratories,Education,2884232,ingrid.solheim@polarisio.com,8
Westbrook Software,Media & Entertainment,859580,rafael.mendoza@polarisio.com,1
Mariner Digital,Manufacturing,2087136,tomas.eklund@polarisio.com,5
Bedrock Materials,Energy,-1143425,clara.bergstrom@polarisio.com,3
Tundra Software,Retail,1598493,june.tanaka@polarisio.com,3
Sierra Systems,Manufacturing,1698949,ingrid.solheim@polarisio.com,10
Veridian Diagnostics,Transportation,2733396,rafael.mendoza@polarisio.com,7
Sunfield Group,Manufacturing,786819,olu.adebayo@polarisio.com,9
Wellspring Partners,Professional Services,883339,olu.adebayo@polarisio.com,3
Cypress Partners,Professional Services,3537944,june.tanaka@polarisio.com,10
Wavecrest Group,Transportation,4456697,olu.adebayo@polarisio.com,2
Marble Analytics,Energy,105593,ingrid.solheim@polarisio.com,4
Goldleaf Capital,Manufacturing,2847871,clara.bergstrom@polarisio.com,9
Timberline Enterprises,Media & Entertainment,1794826,olu.adebayo@polarisio.com,4
Opaline Software,Transportation,1830311,tomas.eklund@polarisio.com,5
Axiom Dynamics,Technology,1422630,olu.adebayo@polarisio.com,1
Silverton Systems,Media & Entertainment,2413533,olu.adebayo@polarisio.com,3
Veridian Solutions,Technology,1131772,dana.whitfield@polarisio.com,10
Oakhaven Analytics,Financial Services,1695614,dana.whitfield@polarisio.com,3
Chandler Group,Healthcare,4496515,dana.whitfield@polarisio.com,10
Halcyon Software,Transportation,1241966,june.tanaka@polarisio.com,8
Cedar Digital,Technology,3813489,june.tanaka@polarisio.com,8
Yarrow Networks,Professional Services,807857,june.tanaka@polarisio.com,3
Slate Digital,Manufacturing,3043643,priya.raghunathan@polarisio.com,5
Linden Associates,Retail,3734430,dana.whitfield@polarisio.com,10
Lantern Logistics,Manufacturing,1641795,olu.adebayo@polarisio.com,7
Copper Partners,Energy,1298405,dana.whitfield@polarisio.com,6
Copper Analytics,Transportation,4560748,rafael.mendoza@polarisio.com,2
Dunmore Networks,Energy,3474170,rafael.mendoza@polarisio.com,7
Pillar Technologies,Manufacturing,2216038,marcus.oyelaran@polarisio.com,7
Mistral Industries,Financial Services,-1204196,tomas.eklund@polarisio.com,5
Radiant Holdings,Financial Services,1939302,marcus.oyelaran@polarisio.com,9
Horizon Digital,Education,3298979,priya.raghunathan@polarisio.com,6
Thistle Ventures,Media & Entertainment,4030402,marcus.oyelaran@polarisio.com,8
Overland Industries,Technology,1419195,nikhil.varma@polarisio.com,7
Maverick Laboratories,Education,1299962,dana.whitfield@polarisio.com,2
Ridgeline Digital,Education,4537523,clara.bergstrom@polarisio.com,4
Windward Logistics,Education,3463520,nikhil.varma@polarisio.com,6
Midland Ventures,Transportation,1862180,priya.raghunathan@polarisio.com,1
Yarrow Dynamics,Professional Services,3662210,marcus.oyelaran@polarisio.com,2
Hallmark Diagnostics,Transportation,3146419,marcus.oyelaran@polarisio.com,1
Lumen Logistics,Education,3209794,rafael.mendoza@polarisio.com,3
Argon Holdings,Energy,3261325,clara.bergstrom@polarisio.com,2
Sable Group,Energy,234125,marcus.oyelaran@polarisio.com,8
Southfield Digital,Professional Services,391781,dana.whitfield@polarisio.com,5
Pemberton Ventures,Retail,1693560,nikhil.varma@polarisio.com,5
Harbor Group,Transportation,604953,ingrid.solheim@polarisio.com,9
Meridian Industries,Transportation,3656815,dana.whitfield@polarisio.com,5
Hallmark Networks,Technology,2071262,clara.bergstrom@polarisio.com,9
Pinnacle Software,Professional Services,3031481,dana.whitfield@polarisio.com,2
Cortex Consulting,Transportation,1507246,olu.adebayo@polarisio.com,0
Northstar Industries,Media & Entertainment,2017005,priya.raghunathan@polarisio.com,10
Fernwood Diagnostics,Financial Services,3473008,rafael.mendoza@polarisio.com,5
Axiom Industries,Technology,994376,clara.bergstrom@polarisio.com,6
Coral Consulting,Energy,4546290,dana.whitfield@polarisio.com,9
Northstar Associates,Financial Services,2716416,nikhil.varma@polarisio.com,1
Frontier Software,Healthcare,377230,priya.raghunathan@polarisio.com,3
Mosswood Analytics,Energy,15733,rafael.mendoza@polarisio.com,10
Anchor Capital,Energy,1811742,olu.adebayo@polarisio.com,2
Riverstone Associates,Technology,-3420959,tomas.eklund@polarisio.com,3
Grovewood Capital,Energy,174649,olu.adebayo@polarisio.com,10
Ridgeline Solutions,Financial Services,4672504,olu.adebayo@polarisio.com,10
Tidewater Associates,Education,3120371,rafael.mendoza@polarisio.com,6
Magnolia Technologies,Professional Services,4687057,tomas.eklund@polarisio.com,1
Tidewater Dynamics,Transportation,3942273,rafael.mendoza@polarisio.com,3
Nightingale Diagnostics,Transportation,1781808,priya.raghunathan@polarisio.com,8
Magnolia Group,Professional Services,925997,priya.raghunathan@polarisio.com,2
Ardent Systems,Energy,4253768,olu.adebayo@polarisio.com,2
Calder Systems,Education,1973090,dana.whitfield@polarisio.com,4
Thistle Group,Healthcare,1299786,dana.whitfield@polarisio.com,8
Mesa Logistics,Transportation,4144240,rafael.mendoza@polarisio.com,8
Echo Consulting,Energy,2648713,june.tanaka@polarisio.com,8
Southfield Industries,Financial Services,2397471,rafael.mendoza@polarisio.com,6
Grovewood Ventures,Retail,3632528,marcus.oyelaran@polarisio.com,2
Trellis Group,Media & Entertainment,1642491,rafael.mendoza@polarisio.com,2
Trellis Logistics,Financial Services,1097311,olu.adebayo@polarisio.com,7
Vertex Materials,Media & Entertainment,437166,rafael.mendoza@polarisio.com,1
Jasper Systems,Technology,4665168,ingrid.solheim@polarisio.com,4
Copper Dynamics,Media & Entertainment,87078,clara.bergstrom@polarisio.com,8
Bedrock Software,Technology,2855016,june.tanaka@polarisio.com,9
Ledger Software,Transportation,751941,tomas.eklund@polarisio.com,8
Clarion Holdings,Professional Services,1448303,ingrid.solheim@polarisio.com,2
Meridian Ventures,Energy,3996261,clara.bergstrom@polarisio.com,7
Ascend Dynamics,Technology,2469283,june.tanaka@polarisio.com,9
Voyager Robotics,Media & Entertainment,3474657,marcus.oyelaran@polarisio.com,8
Rosewood Networks,Technology,926893,nikhil.varma@polarisio.com,9
Legacy Partners,Financial Services,1605240,olu.adebayo@polarisio.com,4
Trellis Dynamics,Energy,1406590,june.tanaka@polarisio.com,5
Stratus Technologies,Energy,394212,tomas.eklund@polarisio.com,3
Coral Technologies,Technology,2754225,rafael.mendoza@polarisio.com,1
Birch Logistics,Retail,4472271,ingrid.solheim@polarisio.com,7
Blackstone Enterprises,Financial Services,558284,nikhil.varma@polarisio.com,3
Oakline Consulting,Transportation,881637,olu.adebayo@polarisio.com,6
Foundry Group,Energy,1638689,rafael.mendoza@polarisio.com,5
Evergreen Logistics,Healthcare,4964973,june.tanaka@polarisio.com,2
Yarrow Digital,Manufacturing,4923093,rafael.mendoza@polarisio.com,1
Zephyr Solutions,Healthcare,651873,clara.bergstrom@polarisio.com,8
Truewind Analytics,Retail,3039658,june.tanaka@polarisio.com,6
Keystone Software,Manufacturing,4748145,dana.whitfield@polarisio.com,5
Waypoint Consulting,Energy,4035316,olu.adebayo@polarisio.com,5
Mariner Enterprises,Healthcare,384823,june.tanaka@polarisio.com,8
Ardent Analytics,Transportation,2391759,tomas.eklund@polarisio.com,2
Sandpiper Technologies,Manufacturing,2586017,june.tanaka@polarisio.com,6
Zenith Logistics,Technology,4219713,priya.raghunathan@polarisio.com,8
Springline Logistics,Professional Services,552466,rafael.mendoza@polarisio.com,7
Silverton Capital,Financial Services,1783073,dana.whitfield@polarisio.com,5
Westfield Industries,Energy,3678804,marcus.oyelaran@polarisio.com,8
Aurora Capital,Retail,1818428,priya.raghunathan@polarisio.com,8
Seabright Materials,Manufacturing,2827660,priya.raghunathan@polarisio.com,1
Cedar Systems,Education,3889619,priya.raghunathan@polarisio.com,4
Oakhaven Robotics,Transportation,2525819,june.tanaka@polarisio.com,9
Citadel Digital,Retail,4200747,marcus.oyelaran@polarisio.com,9
Vanguard Technologies,Professional Services,3666159,clara.bergstrom@polarisio.com,6
Tallgrass Ventures,Technology,2618700,dana.whitfield@polarisio.com,10
Glacier Technologies,Professional Services,4194466,june.tanaka@polarisio.com,8
Springline Laboratories,Media & Entertainment,4132544,olu.adebayo@polarisio.com,3
Aurora Robotics,Energy,3581065,nikhil.varma@polarisio.com,3
Fathom Analytics,Financial Services,3946425,tomas.eklund@polarisio.com,3
Trailhead Associates,Professional Services,2536269,olu.adebayo@polarisio.com,10
Basalt Ventures,Transportation,3242391,tomas.eklund@polarisio.com,4
Driftwood Group,Energy,3372292,nikhil.varma@polarisio.com,7
Cypress Enterprises,Energy,2509478,nikhil.varma@polarisio.com,1
Vertex Associates,Professional Services,4646850,tomas.eklund@polarisio.com,2
Zephyr Software,Transportation,744830,tomas.eklund@polarisio.com,8
Tempest Dynamics,Professional Services,4507630,clara.bergstrom@polarisio.com,1
Grovewood Robotics,Energy,3274199,ingrid.solheim@polarisio.com,6
Trellis Logistics,Financial Services,1288610,olu.adebayo@polarisio.com,8
Titan Holdings,Education,3813983,nikhil.varma@polarisio.com,10
Radiant Dynamics,Retail,3445195,clara.bergstrom@polarisio.com,1
Kindred Associates,Transportation,2038554,clara.bergstrom@polarisio.com,10
Coral Dynamics,Technology,574815,tomas.eklund@polarisio.com,7
Driftwood Partners,Transportation,868786,tomas.eklund@polarisio.com,9
Crestview Logistics,Education,1318549,marcus.oyelaran@polarisio.com,2
Birch Systems,Professional Services,4502963,tomas.eklund@polarisio.com,7
Hearth Networks,Energy,3638120,june.tanaka@polarisio.com,6
Vanguard Solutions,Technology,4132774,dana.whitfield@polarisio.com,6
Meridian Dynamics,Professional Services,3547953,dana.whitfield@polarisio.com,5
Crimson Enterprises,Financial Services,4631787,marcus.oyelaran@polarisio.com,5
Ridgeline Systems,Financial Services,3117312,olu.adebayo@polarisio.com,1
Lodestar Analytics,Transportation,3775323,rafael.mendoza@polarisio.com,1
Midland Logistics,Retail,2643572,nikhil.varma@polarisio.com,8
Rosewood Software,Financial Services,3928594,june.tanaka@polarisio.com,2
Cypress Logistics,Transportation,3318665,tomas.eklund@polarisio.com,8
Cypress Analytics,Healthcare,3026391,june.tanaka@polarisio.com,7
Mistral Ventures,Professional Services,112488,june.tanaka@polarisio.com,1
Laurel Holdings,Professional Services,1703928,olu.adebayo@polarisio.com,2
Coral Networks,Manufacturing,3033477,dana.whitfield@polarisio.com,4
Veridian Ventures,Energy,384273,ingrid.solheim@polarisio.com,8
Tundra Enterprises,Technology,4688413,tomas.eklund@polarisio.com,4
Cedar Networks,Technology,1680363,tomas.eklund@polarisio.com,5
Crestview Capital,Healthcare,1003994,priya.raghunathan@polarisio.com,3
Citadel Systems,Manufacturing,1137307,ingrid.solheim@polarisio.com,8
Rampart Software,Media & Entertainment,1401029,june.tanaka@polarisio.com,5
Crimson Diagnostics,Retail,518617,rafael.mendoza@polarisio.com,8
Verdant Analytics,Healthcare,285085,clara.bergstrom@polarisio.com,10
Alder Digital,Healthcare,3012068,olu.adebayo@polarisio.com,4
Umbra Ventures,Financial Services,46023,clara.bergstrom@polarisio.com,9
Elmwood Robotics,Professional Services,3558973,marcus.oyelaran@polarisio.com,7
Harbor Associates,Healthcare,859686,ingrid.solheim@polarisio.com,4
Cascade Consulting,Media & Entertainment,2604332,rafael.mendoza@polarisio.com,2
Keystone Digital,Transportation,278183,marcus.oyelaran@polarisio.com,6
Tundra Ventures,Healthcare,4320624,tomas.eklund@polarisio.com,3
Shorewood Industries,Transportation,4780369,dana.whitfield@polarisio.com,3
Peregrine Analytics,Healthcare,385269,tomas.eklund@polarisio.com,1
Shorewood Systems,Financial Services,2673351,marcus.oyelaran@polarisio.com,9
Sable Industries,Retail,3945917,clara.bergstrom@polarisio.com,1
Lantern Digital,Transportation,3339793,marcus.oyelaran@polarisio.com,1
Saffron Materials,Healthcare,4495001,june.tanaka@polarisio.com,3
Granite Networks,Media & Entertainment,3140166,june.tanaka@polarisio.com,8
Ember Robotics,Financial Services,1172009,clara.bergstrom@polarisio.com,8
Tidewater Partners,Healthcare,1110855,dana.whitfield@polarisio.com,8
Birch Technologies,Manufacturing,4967417,june.tanaka@polarisio.com,7
Silverton Technologies,Education,2677171,nikhil.varma@polarisio.com,7
Kestrel Partners,Transportation,276302,priya.raghunathan@polarisio.com,8
Echo Networks,Education,4661524,tomas.eklund@polarisio.com,3
Rosewood Technologies,Energy,4477108,tomas.eklund@polarisio.com,7
Tempest Associates,Manufacturing,-4398245,olu.adebayo@polarisio.com,9
Flint Robotics,Energy,-3229685,marcus.oyelaran@polarisio.com,6
Sierra Technologies,Transportation,1953396,nikhil.varma@polarisio.com,3
Upland Laboratories,Manufacturing,3726688,tomas.eklund@polarisio.com,6
Alder Systems,Financial Services,3219758,nikhil.varma@polarisio.com,6
Veridian Enterprises,Education,3292988,june.tanaka@polarisio.com,2
Basalt Consulting,Financial Services,2549672,nikhil.varma@polarisio.com,10
Tallgrass Logistics,Healthcare,3632099,june.tanaka@polarisio.com,8
Fernwood Digital,Transportation,1770310,tomas.eklund@polarisio.com,10
Monarch Laboratories,Retail,1721283,clara.bergstrom@polarisio.com,1
Linden Solutions,Energy,4244525,ingrid.solheim@polarisio.com,9
Cedar Solutions,Professional Services,4197623,tomas.eklund@polarisio.com,8
Tundra Diagnostics,Technology,2497977,june.tanaka@polarisio.com,5
Flint Industries,Professional Services,695932,clara.bergstrom@polarisio.com,1
Falcon Diagnostics,Technology,4480637,nikhil.varma@polarisio.com,5
Coral Materials,Healthcare,1719042,ingrid.solheim@polarisio.com,3
Opaline Networks,Financial Services,4138753,marcus.oyelaran@polarisio.com,7
Voyager Solutions,Manufacturing,4353140,dana.whitfield@polarisio.com,2
Shorewood Materials,Professional Services,883606,dana.whitfield@polarisio.com,8
Ember Analytics,Transportation,2030829,tomas.eklund@polarisio.com,4
Ravenwood Systems,Media & Entertainment,389657,marcus.oyelaran@polarisio.com,7
Ledger Digital,Manufacturing,3960467,rafael.mendoza@polarisio.com,10
Zenith Systems,Professional Services,2677613,rafael.mendoza@polarisio.com,10
Crestview Dynamics,Media & Entertainment,2892809,june.tanaka@polarisio.com,4
Falcon Materials,Professional Services,222835,tomas.eklund@polarisio.com,7
Vertex Holdings,Healthcare,4404098,june.tanaka@polarisio.com,9
Palisade Robotics,Media & Entertainment,-1459611,rafael.mendoza@polarisio.com,4
Crestview Associates,Retail,-3281411,nikhil.varma@polarisio.com,10
Slate Ventures,Transportation,4419495,clara.bergstrom@polarisio.com,9
Cortex Dynamics,Media & Entertainment,2159376,marcus.oyelaran@polarisio.com,2
Veridian Associates,Transportation,2894583,june.tanaka@polarisio.com,5
Elmwood Laboratories,Technology,3744413,marcus.oyelaran@polarisio.com,6
Rampart Capital,Professional Services,1990800,june.tanaka@polarisio.com,4
Summit Robotics,Energy,1651370,tomas.eklund@polarisio.com,6
Cobalt Materials,Financial Services,2282891,clara.bergstrom@polarisio.com,8
Galewind Group,Retail,4824825,olu.adebayo@polarisio.com,4
Ironwood Diagnostics,Media & Entertainment,4775143,clara.bergstrom@polarisio.com,7
Bastion Enterprises,Energy,3874803,nikhil.varma@polarisio.com,1
Upland Capital,Media & Entertainment,1861053,marcus.oyelaran@polarisio.com,8
Waypoint Capital,Professional Services,1269043,priya.raghunathan@polarisio.com,3
Saffron Analytics,Technology,3987015,priya.raghunathan@polarisio.com,3
Thornton Software,Manufacturing,1839861,tomas.eklund@polarisio.com,1
Riverstone Laboratories,Energy,545504,rafael.mendoza@polarisio.com,5
Northstar Analytics,Education,3812413,olu.adebayo@polarisio.com,1
Pillar Logistics,Education,3525382,tomas.eklund@polarisio.com,6
Tempest Holdings,Manufacturing,1695179,tomas.eklund@polarisio.com,10
Orbit Materials,Healthcare,89746,dana.whitfield@polarisio.com,5
Truewind Consulting,Energy,4374495,nikhil.varma@polarisio.com,9
Ledger Diagnostics,Energy,680726,olu.adebayo@polarisio.com,1
Northstar Technologies,Energy,681618,priya.raghunathan@polarisio.com,9
Grovewood Industries,Education,1318585,marcus.oyelaran@polarisio.com,2
Summit Ventures,Healthcare,4185337,tomas.eklund@polarisio.com,10
Ridgeline Ventures,Financial Services,1261718,olu.adebayo@polarisio.com,9
Stillwater Robotics,Retail,1985396,nikhil.varma@polarisio.com,8
Maverick Robotics,Energy,4192914,clara.bergstrom@polarisio.com,1
Goldleaf Robotics,Manufacturing,1267698,clara.bergstrom@polarisio.com,4
Harbor Ventures,Retail,3037968,rafael.mendoza@polarisio.com,9
Stratus Analytics,Media & Entertainment,2285916,rafael.mendoza@polarisio.com,2
Arbor Analytics,Healthcare,20747,dana.whitfield@polarisio.com,7
Ivory Holdings,Energy,985329,ingrid.solheim@polarisio.com,2
Frontier Consulting,Professional Services,2513509,rafael.mendoza@polarisio.com,2
Longview Dynamics,Energy,3667916,june.tanaka@polarisio.com,2
Torchlight Networks,Education,251728,priya.raghunathan@polarisio.com,8
Vireo Partners,Professional Services,4066981,tomas.eklund@polarisio.com,6
Flint Logistics,Healthcare,3353087,clara.bergstrom@polarisio.com,7
Bedrock Diagnostics,Technology,2415984,olu.adebayo@polarisio.com,2
Lantern Associates,Media & Entertainment,947193,marcus.oyelaran@polarisio.com,1
Crestview Ventures,Manufacturing,4593738,clara.bergstrom@polarisio.com,5
Hillcrest Digital,Retail,3034866,june.tanaka@polarisio.com,5
Lumen Dynamics,Manufacturing,4892050,dana.whitfield@polarisio.com,3
Evergreen Diagnostics,Energy,1954059,marcus.oyelaran@polarisio.com,5
Ivory Enterprises,Financial Services,1586501,marcus.oyelaran@polarisio.com,3
Aspen Associates,Financial Services,1136400,dana.whitfield@polarisio.com,2
Granite Ventures,Technology,2239823,clara.bergstrom@polarisio.com,1
Keystone Capital,Manufacturing,4856580,rafael.mendoza@polarisio.com,1
Shorewood Consulting,Media & Entertainment,3393702,clara.bergstrom@polarisio.com,5
Solstice Networks,Technology,1850557,nikhil.varma@polarisio.com,7
Evergreen Industries,Media & Entertainment,4629511,olu.adebayo@polarisio.com,1
Wildflower Dynamics,Media & Entertainment,2722910,ingrid.solheim@polarisio.com,3
Gateway Laboratories,Manufacturing,2185601,june.tanaka@polarisio.com,8
Maplewood Solutions,Education,1532178,dana.whitfield@polarisio.com,1
Veridian Capital,Transportation,1891626,clara.bergstrom@polarisio.com,7
Wellspring Associates,Technology,1757032,nikhil.varma@polarisio.com,6
Yarrow Ventures,Professional Services,2188527,priya.raghunathan@polarisio.com,9
Alloy Group,Financial Services,4641104,tomas.eklund@polarisio.com,10
Cortex Enterprises,Retail,3522270,rafael.mendoza@polarisio.com,3
Ironwood Laboratories,Energy,1519171,nikhil.varma@polarisio.com,4
Clarion Laboratories,Education,4320861,marcus.oyelaran@polarisio.com,2
Argon Technologies,Manufacturing,1707174,marcus.oyelaran@polarisio.com,8
Cardinal Digital,Education,541349,clara.bergstrom@polarisio.com,7
Argon Diagnostics,Energy,4274205,priya.raghunathan@polarisio.com,10
Cedar Laboratories,Professional Services,4380511,ingrid.solheim@polarisio.com,10
Mosswood Enterprises,Retail,2673707,dana.whitfield@polarisio.com,9
Cardinal Software,Technology,2219137,tomas.eklund@polarisio.com,5
Lumen Partners,Education,3510025,priya.raghunathan@polarisio.com,5
Crestview Laboratories,Professional Services,3749945,nikhil.varma@polarisio.com,6
Nimbus Industries,Technology,923415,june.tanaka@polarisio.com,3
Fathom Partners,Financial Services,2573323,dana.whitfield@polarisio.com,8
Midland Enterprises,Manufacturing,1379603,june.tanaka@polarisio.com,7
Mariner Solutions,Transportation,3538953,rafael.mendoza@polarisio.com,1
Titan Materials,Professional Services,4128459,olu.adebayo@polarisio.com,8
Sentinel Systems,Retail,935736,olu.adebayo@polarisio.com,10
Citadel Group,Technology,4412491,nikhil.varma@polarisio.com,10
Cedar Holdings,Healthcare,944344,marcus.oyelaran@polarisio.com,6
Windward Associates,Financial Services,3985402,rafael.mendoza@polarisio.com,7
Solstice Robotics,Media & Entertainment,3748099,nikhil.varma@polarisio.com,10
Stratus Software,Healthcare,2762431,olu.adebayo@polarisio.com,2
Umbra Robotics,Education,4524828,clara.bergstrom@polarisio.com,4
Truewind Software,Transportation,2384310,ingrid.solheim@polarisio.com,4
Vireo Solutions,Energy,4398257,rafael.mendoza@polarisio.com,3
Ridgeline Consulting,Professional Services,3981913,olu.adebayo@polarisio.com,5
Arbor Technologies,Professional Services,4555235,nikhil.varma@polarisio.com,1
Cypress Partners,Professional Services,3775743,june.tanaka@polarisio.com,9
Redwood Partners,Professional Services,1845502,dana.whitfield@polarisio.com,9
Jasper Robotics,Manufacturing,4232993,nikhil.varma@polarisio.com,1
Anchor Digital,Financial Services,3779707,ingrid.solheim@polarisio.com,5
Oakhaven Ventures,Media & Entertainment,633774,clara.bergstrom@polarisio.com,5
Ivory Solutions,Retail,3753485,ingrid.solheim@polarisio.com,3
Crescent Robotics,Retail,2361718,olu.adebayo@polarisio.com,2
Wavecrest Partners,Retail,323495,nikhil.varma@polarisio.com,7
Tempest Analytics,Financial Services,3307282,june.tanaka@polarisio.com,6
Lumen Solutions,Retail,181146,olu.adebayo@polarisio.com,10
Beacon Robotics,Retail,3456357,clara.bergstrom@polarisio.com,10
Onyx Software,Professional Services,4758765,rafael.mendoza@polarisio.com,10
Silverton Laboratories,Technology,770569,rafael.mendoza@polarisio.com,9
Galewind Diagnostics,Healthcare,4357019,olu.adebayo@polarisio.com,6
Sterling Networks,Healthcare,1059326,priya.raghunathan@polarisio.com,1
Oakline Ventures,Media & Entertainment,2840401,june.tanaka@polarisio.com,8
Palisade Analytics,Healthcare,3594652,clara.bergstrom@polarisio.com,2
Oakhaven Diagnostics,Media & Entertainment,1199468,ingrid.solheim@polarisio.com,2
Fathom Enterprises,Technology,4932858,nikhil.varma@polarisio.com,10
Lantern Systems,Professional Services,41069,clara.bergstrom@polarisio.com,8
Citadel Solutions,Healthcare,3820962,dana.whitfield@polarisio.com,8
Radiant Solutions,Education,179725,rafael.mendoza@polarisio.com,5
Solstice Systems,Transportation,4064189,olu.adebayo@polarisio.com,8
Thornton Dynamics,Financial Services,54660,clara.bergstrom@polarisio.com,8
Southfield Solutions,Energy,3042245,clara.bergstrom@polarisio.com,1
Veridian Holdings,Education,2491269,tomas.eklund@polarisio.com,2
Pemberton Analytics,Professional Services,1243825,nikhil.varma@polarisio.com,8
Cardinal Technologies,Retail,1823112,clara.bergstrom@polarisio.com,5
Southfield Software,Energy,3008034,marcus.oyelaran@polarisio.com,6
Mosswood Partners,Retail,1633660,dana.whitfield@polarisio.com,2
Willowbrook Holdings,Retail,3140045,dana.whitfield@polarisio.com,9
Goldleaf Analytics,Healthcare,2932037,june.tanaka@polarisio.com,8
Willowbrook Robotics,Education,4193620,ingrid.solheim@polarisio.com,4
Frontier Holdings,Media & Entertainment,4003082,priya.raghunathan@polarisio.com,4
Tempest Ventures,Financial Services,1781592,dana.whitfield@polarisio.com,10
Driftwood Logistics,Financial Services,3617640,priya.raghunathan@polarisio.com,10
Windward Materials,Retail,3317816,priya.raghunathan@polarisio.com,3
Opaline Dynamics,Energy,2783304,tomas.eklund@polarisio.com,1
Crimson Logistics,Energy,3015388,rafael.mendoza@polarisio.com,8
Tidewater Industries,Education,4284904,olu.adebayo@polarisio.com,6
Stonebridge Laboratories,Education,2905970,olu.adebayo@polarisio.com,8
Ironwood Systems,Education,2535577,ingrid.solheim@polarisio.com,6
Eastgate Solutions,Manufacturing,36248,rafael.mendoza@polarisio.com,1
Larkspur Capital,Professional Services,1361649,priya.raghunathan@polarisio.com,9
Sandpiper Analytics,Retail,1121815,nikhil.varma@polarisio.com,5
Lumen Laboratories,Transportation,2096775,nikhil.varma@polarisio.com,3
Legacy Solutions,Professional Services,410214,june.tanaka@polarisio.com,2
Willowbrook Solutions,Transportation,4241392,june.tanaka@polarisio.com,2
Mosswood Capital,Energy,1860296,marcus.oyelaran@polarisio.com,4
Trailhead Software,Professional Services,268491,priya.raghunathan@polarisio.com,3
Titan Partners,Energy,2622740,priya.raghunathan@polarisio.com,4
Driftwood Holdings,Education,3312736,priya.raghunathan@polarisio.com,8
Slate Holdings,Education,2885014,tomas.eklund@polarisio.com,4
Calder Associates,Energy,4537064,tomas.eklund@polarisio.com,2
Radiant Logistics,Education,1585771,june.tanaka@polarisio.com,7
Flint Analytics,Financial Services,1297523,priya.raghunathan@polarisio.com,4
Kindred Systems,Education,4544689,olu.adebayo@polarisio.com,1
Citadel Enterprises,Technology,4300888,rafael.mendoza@polarisio.com,9
Northgate Associates,Retail,4201654,clara.bergstrom@polarisio.com,8
Bedrock Networks,Transportation,1355058,marcus.oyelaran@polarisio.com,9
Trellis Technologies,Professional Services,1979478,olu.adebayo@polarisio.com,8
Tempest Diagnostics,Technology,1576086,tomas.eklund@polarisio.com,2
Juniper Logistics,Professional Services,3179196,nikhil.varma@polarisio.com,6
Argon Laboratories,Media & Entertainment,2853720,clara.bergstrom@polarisio.com,1
Zephyr Ventures,Media & Entertainment,1612250,ingrid.solheim@polarisio.com,7
Wellspring Materials,Technology,774106,priya.raghunathan@polarisio.com,8
Driftwood Dynamics,Transportation,4479915,ingrid.solheim@polarisio.com,8
Brightline Partners,Technology,3910374,dana.whitfield@polarisio.com,2
Everest Industries,Energy,2003487,rafael.mendoza@polarisio.com,8
Orbit Group,Media & Entertainment,4965572,olu.adebayo@polarisio.com,10
Midland Capital,Healthcare,2565152,clara.bergstrom@polarisio.com,9
Cascade Partners,Professional Services,337462,clara.bergstrom@polarisio.com,9
Vireo Group,Retail,1246263,olu.adebayo@polarisio.com,2
Crimson Materials,Energy,4362183,rafael.mendoza@polarisio.com,4
Glacier Dynamics,Transportation,1076393,olu.adebayo@polarisio.com,8
Orbit Enterprises,Healthcare,2841945,priya.raghunathan@polarisio.com,1
Goldleaf Networks,Technology,2368326,rafael.mendoza@polarisio.com,4
Waypoint Systems,Media & Entertainment,3504037,marcus.oyelaran@polarisio.com,4
Silverton Software,Education,4840238,marcus.oyelaran@polarisio.com,2
Kestrel Analytics,Transportation,2042506,olu.adebayo@polarisio.com,3
Stratus Group,Financial Services,4314911,clara.bergstrom@polarisio.com,2
Veridian Analytics,Energy,4283282,june.tanaka@polarisio.com,9
Ridgeline Software,Technology,582343,olu.adebayo@polarisio.com,1
Aurora Diagnostics,Professional Services,1198268,marcus.oyelaran@polarisio.com,9
Lodestar Industries,Media & Entertainment,335331,june.tanaka@polarisio.com,6
Quartz Logistics,Technology,2837939,tomas.eklund@polarisio.com,11
Mosswood Networks,Energy,676096,nikhil.varma@polarisio.com,10
Horizon Materials,Financial Services,4428634,priya.raghunathan@polarisio.com,1
Anchor Dynamics,Technology,2308784,marcus.oyelaran@polarisio.com,8
Winterset Enterprises,Professional Services,2381265,ingrid.solheim@polarisio.com,2
Hillcrest Analytics,Retail,-2114609,june.tanaka@polarisio.com,6
Cascade Analytics,Financial Services,1748191,ingrid.solheim@polarisio.com,2
Lakeshore Holdings,Technology,3003401,rafael.mendoza@polarisio.com,8
Vista Networks,Financial Services,1028823,dana.whitfield@polarisio.com,1
Redwood Networks,Energy,2906172,june.tanaka@polarisio.com,4
Wellspring Capital,Transportation,824695,marcus.oyelaran@polarisio.com,4
Marble Software,Manufacturing,2055370,dana.whitfield@polarisio.com,6
Umbra Analytics,Education,1048618,dana.whitfield@polarisio.com,2
Atlas Ventures,Transportation,169548,june.tanaka@polarisio.com,10
Wellspring Ventures,Technology,1765144,olu.adebayo@polarisio.com,3
Yarrow Laboratories,Professional Services,388481,priya.raghunathan@polarisio.com,6
Alloy Systems,Professional Services,3098231,marcus.oyelaran@polarisio.com,4
Lodestar Holdings,Professional Services,510394,ingrid.solheim@polarisio.com,3
Elmwood Holdings,Retail,4562783,olu.adebayo@polarisio.com,4
Harbor Holdings,Professional Services,864531,clara.bergstrom@polarisio.com,1
Umbra Group,Healthcare,4003956,clara.bergstrom@polarisio.com,1
Argon Capital,Media & Entertainment,3612149,june.tanaka@polarisio.com,7
Voyager Laboratories,Professional Services,-2071792,ingrid.solheim@polarisio.com,8
Onyx Dynamics,Media & Entertainment,1138169,ingrid.solheim@polarisio.com,7
Lattice Associates,Professional Services,4291745,june.tanaka@polarisio.com,3
Lighthouse Associates,Transportation,4965788,tomas.eklund@polarisio.com,2
Kindred Enterprises,Technology,1454929,dana.whitfield@polarisio.com,5
Mariner Materials,Healthcare,182067,tomas.eklund@polarisio.com,3
Atlas Materials,Technology,2665114,june.tanaka@polarisio.com,10
Keystone Networks,Technology,1197746,olu.adebayo@polarisio.com,1
Everest Logistics,Healthcare,2591783,ingrid.solheim@polarisio.com,9
Quartz Laboratories,Media & Entertainment,-3185243,rafael.mendoza@polarisio.com,10
Pemberton Dynamics,Education,3442549,nikhil.varma@polarisio.com,8
Maplewood Partners,Media & Entertainment,339266,clara.bergstrom@polarisio.com,7
Wellspring Ventures,Technology,1604980,olu.adebayo@polarisio.com,2
Onyx Digital,Healthcare,4113861,clara.bergstrom@polarisio.com,4
Lodestar Enterprises,Retail,4657920,nikhil.varma@polarisio.com,2
Elmwood Materials,Professional Services,1918515,clara.bergstrom@polarisio.com,1
Solstice Solutions,Media & Entertainment,1251060,june.tanaka@polarisio.com,6
Northgate Technologies,Transportation,1003104,priya.raghunathan@polarisio.com,6
Kindred Capital,Education,2968759,ingrid.solheim@polarisio.com,9
Winterset Materials,Media & Entertainment,3878059,tomas.eklund@polarisio.com,10
Echo Industries,Education,1042178,dana.whitfield@polarisio.com,3
Elmwood Associates,Media & Entertainment,4171809,dana.whitfield@polarisio.com,7
Basalt Diagnostics,Education,4651045,marcus.oyelaran@polarisio.com,5
Sierra Capital,Professional Services,3209339,marcus.oyelaran@polarisio.com,7
Juniper Technologies,Media & Entertainment,-4108891,ingrid.solheim@polarisio.com,10
Ledger Enterprises,Transportation,2687222,olu.adebayo@polarisio.com,2
Magnolia Digital,Retail,406940,priya.raghunathan@polarisio.com,6
Overland Digital,Transportation,3149571,olu.adebayo@polarisio.com,9
Linden Consulting,Professional Services,3405479,marcus.oyelaran@polarisio.com,2
Cardinal Networks,Transportation,3424804,marcus.oyelaran@polarisio.com,8
Quarry Logistics,Energy,3023614,tomas.eklund@polarisio.com,3
Sentinel Technologies,Manufacturing,4371676,rafael.mendoza@polarisio.com,3
Truewind Robotics,Healthcare,2805837,olu.adebayo@polarisio.com,1
Aspen Digital,Manufacturing,583812,rafael.mendoza@polarisio.com,4
Waypoint Analytics,Financial Services,133520,olu.adebayo@polarisio.com,4
Springline Robotics,Energy,2083346,dana.whitfield@polarisio.com,4
Overland Partners,Financial Services,4136243,tomas.eklund@polarisio.com,1
Citadel Robotics,Healthcare,791734,olu.adebayo@polarisio.com,3
Radiant Software,Energy,2910356,june.tanaka@polarisio.com,3
Cortex Ventures,Technology,3157342,ingrid.solheim@polarisio.com,9
Basalt Capital,Technology,2020709,priya.raghunathan@polarisio.com,5
Crestview Solutions,Retail,3910168,clara.bergstrom@polarisio.com,2
Mesa Holdings,Education,2716832,clara.bergstrom@polarisio.com,4
Tundra Networks,Energy,817838,olu.adebayo@polarisio.com,6
Cedar Capital,Financial Services,2324775,marcus.oyelaran@polarisio.com,3
Dunmore Holdings,Transportation,1992915,olu.adebayo@polarisio.com,7
Hearth Materials,Healthcare,4730133,marcus.oyelaran@polarisio.com,5
Titan Software,Retail,251252,marcus.oyelaran@polarisio.com,4
Pinnacle Logistics,Manufacturing,403968,ingrid.solheim@polarisio.com,7
Driftwood Digital,Manufacturing,1210925,clara.bergstrom@polarisio.com,10
Tidewater Materials,Retail,4155382,june.tanaka@polarisio.com,3
Legacy Robotics,Energy,2024523,rafael.mendoza@polarisio.com,6
Magnolia Capital,Transportation,4154067,priya.raghunathan@polarisio.com,9
Rosewood Laboratories,Education,2989121,ingrid.solheim@polarisio.com,9
Solstice Technologies,Professional Services,3012814,olu.adebayo@polarisio.com,7
Obsidian Consulting,Energy,1519020,nikhil.varma@polarisio.com,3
Bramble Networks,Technology,3601250,tomas.eklund@polarisio.com,4
Riverstone Analytics,Media & Entertainment,2865431,nikhil.varma@polarisio.com,5
Thistle Analytics,Energy,3879175,priya.raghunathan@polarisio.com,5
Nimbus Group,Professional Services,1259648,nikhil.varma@polarisio.com,1
Mistral Analytics,Retail,4910372,priya.raghunathan@polarisio.com,10
Dunmore Laboratories,Financial Services,3230888,olu.adebayo@polarisio.com,7
Everest Dynamics,Education,3541662,olu.adebayo@polarisio.com,10
Sable Robotics,Technology,1503106,ingrid.solheim@polarisio.com,9
Harbor Capital,Technology,1746047,priya.raghunathan@polarisio.com,5
Maverick Enterprises,Retail,4478773,nikhil.varma@polarisio.com,7
Glacier Group,Financial Services,1412279,tomas.eklund@polarisio.com,4
Maverick Technologies,Technology,4608121,olu.adebayo@polarisio.com,4
Pillar Partners,Professional Services,2133248,dana.whitfield@polarisio.com,8
Marble Ventures,Education,3921870,priya.raghunathan@polarisio.com,1
Fathom Materials,Healthcare,1778163,tomas.eklund@polarisio.com,7
Zenith Group,Healthcare,1136844,marcus.oyelaran@polarisio.com,5
Onyx Consulting,Manufacturing,2863098,olu.adebayo@polarisio.com,9
Riverstone Consulting,Energy,4824769,rafael.mendoza@polarisio.com,7
Thornton Group,Media & Entertainment,2447639,june.tanaka@polarisio.com,4
Vista Capital,Technology,3966775,clara.bergstrom@polarisio.com,6
Stratus Consulting,Transportation,1690293,rafael.mendoza@polarisio.com,4
Truewind Systems,Technology,1879972,olu.adebayo@polarisio.com,6
Aurora Logistics,Media & Entertainment,860844,olu.adebayo@polarisio.com,10
Maplewood Enterprises,Education,3175069,olu.adebayo@polarisio.com,10
Fernwood Capital,Healthcare,2376548,ingrid.solheim@polarisio.com,3
Sunfield Diagnostics,Transportation,2171868,rafael.mendoza@polarisio.com,1
Overland Solutions,Technology,4993995,tomas.eklund@polarisio.com,0
Lantern Ventures,Media & Entertainment,4746797,rafael.mendoza@polarisio.com,10
Alder Consulting,Transportation,1904540,dana.whitfield@polarisio.com,7
Birch Analytics,Media & Entertainment,3137534,dana.whitfield@polarisio.com,5
Millbrook Robotics,Healthcare,2787422,tomas.eklund@polarisio.com,4
Rampart Diagnostics,Retail,3815098,ingrid.solheim@polarisio.com,7
Granite Digital,Retail,983031,dana.whitfield@polarisio.com,3
Ascend Laboratories,Financial Services,229766,nikhil.varma@polarisio.com,10
Ember Diagnostics,Retail,4408949,marcus.oyelaran@polarisio.com,8
Vanguard Digital,Technology,2048836,nikhil.varma@polarisio.com,3
Verdant Digital,Manufacturing,3732245,rafael.mendoza@polarisio.com,3
Alloy Software,Financial Services,4277601,ingrid.solheim@polarisio.com,10
Overland Analytics,Financial Services,2403703,priya.raghunathan@polarisio.com,3
Alloy Laboratories,Energy,311831,dana.whitfield@polarisio.com,3
Maverick Holdings,Professional Services,4483549,nikhil.varma@polarisio.com,4
Solstice Holdings,Energy,2837212,nikhil.varma@polarisio.com,7
Obsidian Materials,Professional Services,58698,rafael.mendoza@polarisio.com,1
Waypoint Software,Healthcare,479113,rafael.mendoza@polarisio.com,6
Redwood Associates,Professional Services,857519,rafael.mendoza@polarisio.com,5
Argon Technologies,Manufacturing,1562625,marcus.oyelaran@polarisio.com,10
Northstar Enterprises,Healthcare,35876,olu.adebayo@polarisio.com,7
Atlas Diagnostics,Transportation,3860005,ingrid.solheim@polarisio.com,4
Elmwood Capital,Healthcare,2335465,olu.adebayo@polarisio.com,2
Apex Industries,Energy,2526869,ingrid.solheim@polarisio.com,9
Kestrel Capital,Retail,1244116,rafael.mendoza@polarisio.com,5
Hallmark Systems,Retail,2755909,priya.raghunathan@polarisio.com,2
Nova Analytics,Healthcare,1113697,tomas.eklund@polarisio.com,1
Monarch Technologies,Technology,3399823,rafael.mendoza@polarisio.com,3
Obsidian Analytics,Professional Services,4174079,clara.bergstrom@polarisio.com,8
Helix Systems,Retail,3750329,dana.whitfield@polarisio.com,8
Zephyr Networks,Education,3692054,dana.whitfield@polarisio.com,1
Upland Ventures,Financial Services,2892124,tomas.eklund@polarisio.com,5
Hallmark Logistics,Energy,645136,olu.adebayo@polarisio.com,5
Ravenwood Materials,Financial Services,4140736,priya.raghunathan@polarisio.com,7
Silverton Analytics,Retail,3575350,june.tanaka@polarisio.com,10
Vertex Software,Professional Services,1160611,june.tanaka@polarisio.com,2
Driftwood Materials,Manufacturing,1022889,june.tanaka@polarisio.com,4
Wavecrest Materials,Technology,1647034,nikhil.varma@polarisio.com,9
Springline Networks,Healthcare,531718,june.tanaka@polarisio.com,3
Radiant Enterprises,Healthcare,4526529,olu.adebayo@polarisio.com,2
Axiom Capital,Financial Services,2386221,nikhil.varma@polarisio.com,4
Alder Ventures,Technology,1551319,olu.adebayo@polarisio.com,3
Axiom Materials,Education,2489310,olu.adebayo@polarisio.com,5
Sable Solutions,Media & Entertainment,3991145,ingrid.solheim@polarisio.com,3
Rosewood Systems,Technology,3340382,clara.bergstrom@polarisio.com,2
Vireo Laboratories,Financial Services,2664016,priya.raghunathan@polarisio.com,2
Gateway Solutions,Energy,1693334,nikhil.varma@polarisio.com,7
Rosewood Digital,Energy,3019795,dana.whitfield@polarisio.com,4
Lattice Ventures,Energy,3101861,marcus.oyelaran@polarisio.com,10
Lantern Robotics,Professional Services,1791708,nikhil.varma@polarisio.com,1
Bramble Software,Manufacturing,3836949,rafael.mendoza@polarisio.com,6
Anchor Analytics,Technology,4701396,dana.whitfield@polarisio.com,5
Calder Capital,Healthcare,2356931,june.tanaka@polarisio.com,3
Vireo Holdings,Healthcare,2531937,marcus.oyelaran@polarisio.com,7
Rampart Analytics,Transportation,2943998,rafael.mendoza@polarisio.com,3
Flint Enterprises,Media & Entertainment,1703821,priya.raghunathan@polarisio.com,10
Whitestone Ventures,Healthcare,1409297,priya.raghunathan@polarisio.com,9
Tallgrass Capital,Energy,742398,marcus.oyelaran@polarisio.com,7
Northgate Ventures,Manufacturing,1139176,dana.whitfield@polarisio.com,2
Midland Materials,Healthcare,3836753,nikhil.varma@polarisio.com,3
Ridgeline Laboratories,Transportation,2458547,marcus.oyelaran@polarisio.com,4
Coral Analytics,Financial Services,3573244,nikhil.varma@polarisio.com,1
Pillar Dynamics,Transportation,3668548,june.tanaka@polarisio.com,1
Torchlight Digital,Energy,927562,nikhil.varma@polarisio.com,8
Dunmore Consulting,Retail,533537,rafael.mendoza@polarisio.com,9
Peregrine Associates,Energy,4794700,nikhil.varma@polarisio.com,1
Halcyon Digital,Retail,4945093,marcus.oyelaran@polarisio.com,7
Maverick Dynamics,Energy,3271218,marcus.oyelaran@polarisio.com,9
Lattice Systems,Professional Services,4147023,rafael.mendoza@polarisio.com,8
Elmwood Networks,Professional Services,4659843,ingrid.solheim@polarisio.com,1
Alder Dynamics,Financial Services,2528894,june.tanaka@polarisio.com,7
Gateway Group,Education,957588,rafael.mendoza@polarisio.com,9
Atlas Software,Financial Services,1770273,priya.raghunathan@polarisio.com,2
Thistle Digital,Manufacturing,-2477741,olu.adebayo@polarisio.com,3
Willowbrook Consulting,Retail,735658,ingrid.solheim@polarisio.com,8
Arbor Materials,Professional Services,2593513,june.tanaka@polarisio.com,2
Northgate Industries,Technology,3102479,clara.bergstrom@polarisio.com,1
Chandler Digital,Retail,4656172,olu.adebayo@polarisio.com,1
Nightingale Group,Media & Entertainment,4092924,ingrid.solheim@polarisio.com,10
Everest Consulting,Retail,1029132,dana.whitfield@polarisio.com,7
Lodestar Systems,Transportation,998417,clara.bergstrom@polarisio.com,1
Quasar Dynamics,Energy,1641951,clara.bergstrom@polarisio.com,2
Falcon Associates,Technology,756609,marcus.oyelaran@polarisio.com,10
Gateway Holdings,Manufacturing,4755494,nikhil.varma@polarisio.com,10
Riverstone Materials,Energy,1383168,nikhil.varma@polarisio.com,3
Cortex Capital,Professional Services,3649157,priya.raghunathan@polarisio.com,7
Hallmark Partners,Financial Services,2179728,clara.bergstrom@polarisio.com,3
Stonebridge Software,Professional Services,3437751,marcus.oyelaran@polarisio.com,2
Truewind Materials,Financial Services,3587447,ingrid.solheim@polarisio.com,10
Lighthouse Software,Manufacturing,3739387,dana.whitfield@polarisio.com,4
Whitestone Diagnostics,Healthcare,967684,olu.adebayo@polarisio.com,6
Voyager Analytics,Financial Services,4430181,nikhil.varma@polarisio.com,7
Eastgate Robotics,Media & Entertainment,3839724,ingrid.solheim@polarisio.com,7
Southfield Associates,Media & Entertainment,2389105,olu.adebayo@polarisio.com,10
Quarry Group,Professional Services,2613100,nikhil.varma@polarisio.com,4
Overland Software,Energy,352185,olu.adebayo@polarisio.com,6
Sterling Associates,Professional Services,1479065,june.tanaka@polarisio.com,4
Argon Ventures,Financial Services,4733699,tomas.eklund@polarisio.com,8
Peregrine Industries,Manufacturing,1714106,tomas.eklund@polarisio.com,5
Juniper Networks,Retail,1749563,clara.bergstrom@polarisio.com,1
Truewind Software,Transportation,2691248,ingrid.solheim@polarisio.com,2
Crimson Systems,Energy,1699474,ingrid.solheim@polarisio.com,8
Laurel Group,Energy,3566290,tomas.eklund@polarisio.com,7
Upland Dynamics,Healthcare,1235473,dana.whitfield@polarisio.com,5
Ardent Networks,Energy,3354913,olu.adebayo@polarisio.com,5
Zenith Capital,Energy,4814275,tomas.eklund@polarisio.com,8
Bramble Robotics,Media & Entertainment,3592867,priya.raghunathan@polarisio.com,1
Ascend Materials,Professional Services,2880588,clara.bergstrom@polarisio.com,4
Voyager Industries,Manufacturing,4209763,olu.adebayo@polarisio.com,9
Kestrel Solutions,Technology,2287485,june.tanaka@polarisio.com,2
Magnolia Consulting,Technology,972357,rafael.mendoza@polarisio.com,8
Wavecrest Logistics,Media & Entertainment,2334863,dana.whitfield@polarisio.com,2
Echo Analytics,Technology,4058872,clara.bergstrom@polarisio.com,3
Seabright Systems,Manufacturing,2420513,ingrid.solheim@polarisio.com,1
Pemberton Capital,Media & Entertainment,826631,june.tanaka@polarisio.com,6
Legacy Group,Technology,59048,june.tanaka@polarisio.com,2
Mesa Laboratories,Healthcare,4383592,ingrid.solheim@polarisio.com,5
Larkspur Ventures,Media & Entertainment,3324450,dana.whitfield@polarisio.com,8
Solstice Industries,Media & Entertainment,1027013,rafael.mendoza@polarisio.com,10
Crimson Consulting,Education,2107350,ingrid.solheim@polarisio.com,5
Hillcrest Diagnostics,Retail,646598,rafael.mendoza@polarisio.com,2
Eastgate Materials,Education,3450135,olu.adebayo@polarisio.com,3
Ravenwood Laboratories,Education,952171,olu.adebayo@polarisio.com,1
Voyager Digital,Energy,3019342,ingrid.solheim@polarisio.com,8
Midland Dynamics,Professional Services,4576339,nikhil.varma@polarisio.com,3
Stillwater Systems,Energy,4469053,marcus.oyelaran@polarisio.com,3
Sunfield Networks,Energy,2219566,tomas.eklund@polarisio.com,5
Brightline Associates,Energy,940555,marcus.oyelaran@polarisio.com,10
Argon Networks,Media & Entertainment,1589899,olu.adebayo@polarisio.com,2
Radiant Associates,Education,662689,tomas.eklund@polarisio.com,6
Jasper Consulting,Professional Services,3422032,olu.adebayo@polarisio.com,2
Radiant Robotics,Education,-3370259,nikhil.varma@polarisio.com,10
Verdant Analytics,Healthcare,283345,clara.bergstrom@polarisio.com,8
Ardent Robotics,Healthcare,2821066,dana.whitfield@polarisio.com,10
Ascend Holdings,Education,3647528,june.tanaka@polarisio.com,1
Flint Associates,Education,2601169,clara.bergstrom@polarisio.com,2
Ivory Software,Technology,541301,ingrid.solheim@polarisio.com,6
Monarch Consulting,Education,1865543,tomas.eklund@polarisio.com,6
Grovewood Systems,Manufacturing,1099950,tomas.eklund@polarisio.com,5
Windward Ventures,Retail,834405,ingrid.solheim@polarisio.com,10
Larkspur Digital,Transportation,3205536,ingrid.solheim@polarisio.com,7
Axiom Networks,Professional Services,2108338,olu.adebayo@polarisio.com,7
Arbor Software,Healthcare,4000266,rafael.mendoza@polarisio.com,3
Foundry Holdings,Media & Entertainment,2800510,dana.whitfield@polarisio.com,5
Keystone Partners,Education,3719527,nikhil.varma@polarisio.com,3
Maplewood Associates,Education,4830750,priya.raghunathan@polarisio.com,9
Alder Enterprises,Media & Entertainment,1683173,clara.bergstrom@polarisio.com,4
Fathom Dynamics,Transportation,423520,tomas.eklund@polarisio.com,5
Peregrine Systems,Energy,2260742,marcus.oyelaran@polarisio.com,6
Halcyon Analytics,Professional Services,1351335,june.tanaka@polarisio.com,9
Alloy Enterprises,Media & Entertainment,1216723,nikhil.varma@polarisio.com,10
Timberline Analytics,Manufacturing,820366,priya.raghunathan@polarisio.com,3
Gateway Dynamics,Education,1377587,marcus.oyelaran@polarisio.com,4
Goldleaf Digital,Financial Services,762021,rafael.mendoza@polarisio.com,9
Zephyr Holdings,Technology,4036250,june.tanaka@polarisio.com,1
Cascade Laboratories,Education,380459,priya.raghunathan@polarisio.com,8
Axiom Enterprises,Energy,1569638,tomas.eklund@polarisio.com,3
Copper Systems,Transportation,2163863,dana.whitfield@polarisio.com,2
Longview Group,Technology,1033087,tomas.eklund@polarisio.com,7
Vista Enterprises,Technology,3305902,nikhil.varma@polarisio.com,9
Orbit Group,Media & Entertainment,4824755,olu.adebayo@polarisio.com,9
Sterling Industries,Professional Services,494943,clara.bergstrom@polarisio.com,5
Bedrock Analytics,Manufacturing,2882623,dana.whitfield@polarisio.com,10
Ironwood Capital,Energy,3349000,ingrid.solheim@polarisio.com,5
Ascend Associates,Manufacturing,3665658,clara.bergstrom@polarisio.com,4
Quasar Software,Technology,4316833,marcus.oyelaran@polarisio.com,9
Hallmark Robotics,Technology,4182265,ingrid.solheim@polarisio.com,5
Zephyr Associates,Healthcare,827360,tomas.eklund@polarisio.com,1
Cortex Group,Retail,186783,nikhil.varma@polarisio.com,1
Grovewood Technologies,Energy,1511548,rafael.mendoza@polarisio.com,6
Pinnacle Ventures,Transportation,690725,marcus.oyelaran@polarisio.com,9
Tundra Digital,Media & Entertainment,608818,clara.bergstrom@polarisio.com,8
Thornton Systems,Technology,2483872,dana.whitfield@polarisio.com,6
Shorewood Holdings,Media & Entertainment,479948,clara.bergstrom@polarisio.com,5
Peregrine Group,Retail,3556249,clara.bergstrom@polarisio.com,2
Flint Digital,Retail,1091549,marcus.oyelaran@polarisio.com,7
Maverick Capital,Technology,4683553,clara.bergstrom@polarisio.com,1
Chandler Industries,Healthcare,-2143133,nikhil.varma@polarisio.com,4
Obsidian Digital,Retail,3089314,nikhil.varma@polarisio.com,4
Calder Dynamics,Healthcare,4315760,ingrid.solheim@polarisio.com,9
Eastgate Group,Professional Services,2607967,nikhil.varma@polarisio.com,8
Basalt Enterprises,Technology,1217925,olu.adebayo@polarisio.com,7
Calder Ventures,Technology,3838968,dana.whitfield@polarisio.com,6
Trellis Diagnostics,Retail,1784334,priya.raghunathan@polarisio.com,3
Bramble Ventures,Technology,3979158,nikhil.varma@polarisio.com,3
Crimson Analytics,Education,2807095,ingrid.solheim@polarisio.com,7
Oakline Partners,Retail,2728536,priya.raghunathan@polarisio.com,2
Aurora Group,Professional Services,3668007,ingrid.solheim@polarisio.com,8
Evergreen Enterprises,Education,2957379,ingrid.solheim@polarisio.com,8
Pemberton Diagnostics,Technology,2097279,tomas.eklund@polarisio.com,6
Zenith Software,Education,3344930,tomas.eklund@polarisio.com,7
Sterling Dynamics,Media & Entertainment,2429736,dana.whitfield@polarisio.com,4
Upland Networks,Education,4603707,dana.whitfield@polarisio.com,1
Tempest Systems,Financial Services,2892539,tomas.eklund@polarisio.com,6
Hallmark Associates,Media & Entertainment,3858299,clara.bergstrom@polarisio.com,6
Gateway Systems,Financial Services,3720792,dana.whitfield@polarisio.com,2
Obsidian Technologies,Technology,1491489,june.tanaka@polarisio.com,8
Sierra Industries,Retail,4679087,ingrid.solheim@polarisio.com,3
Pillar Diagnostics,Retail,4246437,priya.raghunathan@polarisio.com,2
Crimson Dynamics,Energy,4227528,rafael.mendoza@polarisio.com,3
Whitestone Associates,Healthcare,806904,dana.whitfield@polarisio.com,1
Lighthouse Partners,Transportation,463605,tomas.eklund@polarisio.com,4
Thornton Consulting,Technology,2013877,nikhil.varma@polarisio.com,3
Clarion Consulting,Professional Services,675968,dana.whitfield@polarisio.com,3
Cadence Partners,Transportation,4487705,ingrid.solheim@polarisio.com,6
Elmwood Partners,Media & Entertainment,360864,nikhil.varma@polarisio.com,7
Gateway Associates,Financial Services,3321918,june.tanaka@polarisio.com,10
Ember Ventures,Financial Services,3162002,tomas.eklund@polarisio.com,1
Apex Group,Manufacturing,604533,dana.whitfield@polarisio.com,4
Northgate Holdings,Financial Services,757100,rafael.mendoza@polarisio.com,3
Gateway Industries,Education,4088108,nikhil.varma@polarisio.com,9
Quasar Digital,Energy,1755742,ingrid.solheim@polarisio.com,1
Pinnacle Industries,Healthcare,1555710,ingrid.solheim@polarisio.com,5
Sentinel Solutions,Professional Services,1847274,dana.whitfield@polarisio.com,5
Thistle Holdings,Energy,399545,dana.whitfield@polarisio.com,0
Clarion Diagnostics,Media & Entertainment,1039803,tomas.eklund@polarisio.com,7
Alder Technologies,Professional Services,817811,priya.raghunathan@polarisio.com,8
Thistle Industries,Retail,2504777,tomas.eklund@polarisio.com,2
Ember Digital,Education,3281502,priya.raghunathan@polarisio.com,9
Millbrook Solutions,Financial Services,3908195,clara.bergstrom@polarisio.com,9
Solstice Capital,Financial Services,4194477,dana.whitfield@polarisio.com,9
Crestview Networks,Technology,3428305,tomas.eklund@polarisio.com,1
Stillwater Digital,Education,2451621,rafael.mendoza@polarisio.com,1
Rosewood Dynamics,Energy,4348696,rafael.mendoza@polarisio.com,10
Windward Capital,Education,565435,priya.raghunathan@polarisio.com,5
Laurel Logistics,Financial Services,4869904,tomas.eklund@polarisio.com,2
Hearth Systems,Transportation,1852996,nikhil.varma@polarisio.com,6
Birch Ventures,Media & Entertainment,2554668,olu.adebayo@polarisio.com,5
Vanguard Networks,Financial Services,166055,clara.bergstrom@polarisio.com,3
Cortex Technologies,Education,-4228102,marcus.oyelaran@polarisio.com,5
Falcon Ventures,Media & Entertainment,3484509,priya.raghunathan@polarisio.com,10
Onyx Diagnostics,Education,-4700018,clara.bergstrom@polarisio.com,8
Clarion Dynamics,Professional Services,3067592,rafael.mendoza@polarisio.com,7
Ironwood Industries,Financial Services,2824409,marcus.oyelaran@polarisio.com,2
Cadence Digital,Transportation,4080148,olu.adebayo@polarisio.com,8
Onyx Technologies,Manufacturing,2032936,ingrid.solheim@polarisio.com,9
Truewind Enterprises,Education,4464634,tomas.eklund@polarisio.com,1
Beacon Digital,Healthcare,3330280,tomas.eklund@polarisio.com,1
Echo Partners,Healthcare,393513,ingrid.solheim@polarisio.com,5
Basalt Solutions,Financial Services,4485051,tomas.eklund@polarisio.com,3
Everest Diagnostics,Retail,4793825,ingrid.solheim@polarisio.com,7
Glacier Software,Retail,761858,priya.raghunathan@polarisio.com,5
Riverstone Dynamics,Professional Services,4059489,dana.whitfield@polarisio.com,7
Slate Capital,Financial Services,4760948,nikhil.varma@polarisio.com,3
Hearth Solutions,Energy,3548979,dana.whitfield@polarisio.com,2
Helix Group,Professional Services,3044658,nikhil.varma@polarisio.com,8
Rosewood Diagnostics,Technology,49539,olu.adebayo@polarisio.com,5
Apex Ventures,Manufacturing,1913595,tomas.eklund@polarisio.com,8
Peregrine Capital,Retail,4906144,clara.bergstrom@polarisio.com,3
Lantern Consulting,Manufacturing,1693818,dana.whitfield@polarisio.com,4
Whitestone Materials,Education,1078855,rafael.mendoza@polarisio.com,7
Coral Group,Energy,1489111,priya.raghunathan@polarisio.com,1
Beacon Networks,Energy,3530306,priya.raghunathan@polarisio.com,7
Yarrow Industries,Transportation,4043614,marcus.oyelaran@polarisio.com,6
Mistral Networks,Financial Services,4505491,tomas.eklund@polarisio.com,2
Rampart Holdings,Retail,4209729,clara.bergstrom@polarisio.com,7
Pillar Software,Media & Entertainment,3265053,olu.adebayo@polarisio.com,7
Yarrow Consulting,Financial Services,530112,olu.adebayo@polarisio.com,1
Opaline Industries,Media & Entertainment,3012834,june.tanaka@polarisio.com,3
Lakeshore Partners,Manufacturing,4668529,june.tanaka@polarisio.com,7
Clarion Systems,Financial Services,363881,clara.bergstrom@polarisio.com,9
Obsidian Associates,Technology,1519953,olu.adebayo@polarisio.com,0
Riverstone Analytics,Media & Entertainment,3175189,nikhil.varma@polarisio.com,4
Eastgate Logistics,Manufacturing,2894436,tomas.eklund@polarisio.com,7
Trellis Industries,Energy,4538729,priya.raghunathan@polarisio.com,9
Stratus Enterprises,Healthcare,4005929,ingrid.solheim@polarisio.com,2
Crescent Industries,Professional Services,1066810,clara.bergstrom@polarisio.com,5
Wildflower Diagnostics,Healthcare,4977424,nikhil.varma@polarisio.com,8
Cypress Networks,Financial Services,607628,ingrid.solheim@polarisio.com,10
Southfield Consulting,Professional Services,80998,tomas.eklund@polarisio.com,5
Verdant Technologies,Technology,1056595,olu.adebayo@polarisio.com,6
Opaline Ventures,Energy,2919016,ingrid.solheim@polarisio.com,7
Axiom Capital,Financial Services,2539530,nikhil.varma@polarisio.com,5
Timberline Dynamics,Manufacturing,3110746,nikhil.varma@polarisio.com,8
Obsidian Partners,Professional Services,922216,nikhil.varma@polarisio.com,7
Brightline Solutions,Manufacturing,1104625,rafael.mendoza@polarisio.com,3
Crescent Enterprises,Retail,4127173,priya.raghunathan@polarisio.com,9
Truewind Partners,Education,714973,nikhil.varma@polarisio.com,10
Nimbus Capital,Education,1223838,ingrid.solheim@polarisio.com,4
Goldleaf Technologies,Energy,2292826,nikhil.varma@polarisio.com,8
Rosewood Materials,Healthcare,1148807,clara.bergstrom@polarisio.com,8
Torchlight Robotics,Media & Entertainment,4021861,marcus.oyelaran@polarisio.com,7
Arbor Associates,Financial Services,169161,ingrid.solheim@polarisio.com,4
Oakhaven Consulting,Retail,4333230,olu.adebayo@polarisio.com,9
Cascade Enterprises,Healthcare,2536646,rafael.mendoza@polarisio.com,7
Argon Dynamics,Education,1573266,june.tanaka@polarisio.com,7
Longview Ventures,Energy,3930855,nikhil.varma@polarisio.com,6
Ravenwood Robotics,Energy,3055057,dana.whitfield@polarisio.com,5
Oakline Digital,Energy,4011928,ingrid.solheim@polarisio.com,1
Helix Capital,Healthcare,-4799671,clara.bergstrom@polarisio.com,2
Hillcrest Consulting,Financial Services,3958630,olu.adebayo@polarisio.com,7
Delta Consulting,Professional Services,2927864,rafael.mendoza@polarisio.com,3
Southfield Technologies,Technology,2177589,ingrid.solheim@polarisio.com,9
Granite Consulting,Financial Services,906020,priya.raghunathan@polarisio.com,4
Solstice Consulting,Healthcare,4369790,priya.raghunathan@polarisio.com,8
Palisade Holdings,Professional Services,3451981,rafael.mendoza@polarisio.com,8
Glacier Analytics,Energy,687150,dana.whitfield@polarisio.com,1
Oakline Diagnostics,Retail,2165500,dana.whitfield@polarisio.com,2
Quarry Enterprises,Financial Services,3125517,marcus.oyelaran@polarisio.com,4
Vertex Logistics,Media & Entertainment,2664191,dana.whitfield@polarisio.com,7
Nova Group,Education,2873548,june.tanaka@polarisio.com,10
Citadel Partners,Financial Services,3753724,marcus.oyelaran@polarisio.com,8
Umbra Networks,Professional Services,546515,marcus.oyelaran@polarisio.com,2
Upland Robotics,Healthcare,1412037,clara.bergstrom@polarisio.com,6
Slate Industries,Manufacturing,955220,priya.raghunathan@polarisio.com,8
Aurora Industries,Financial Services,4515743,dana.whitfield@polarisio.com,2
Riverstone Diagnostics,Professional Services,4000561,olu.adebayo@polarisio.com,7
Clarion Digital,Healthcare,3916535,nikhil.varma@polarisio.com,3
Magnolia Analytics,Technology,2886017,marcus.oyelaran@polarisio.com,3
Ledger Analytics,Retail,4803444,priya.raghunathan@polarisio.com,2
Maplewood Analytics,Retail,728962,june.tanaka@polarisio.com,2
Harbor Industries,Financial Services,2395556,nikhil.varma@polarisio.com,10
Cortex Partners,Energy,2493214,ingrid.solheim@polarisio.com,8
Bramble Associates,Transportation,1205000,priya.raghunathan@polarisio.com,3
Sierra Dynamics,Financial Services,1141377,olu.adebayo@polarisio.com,9
Yarrow Systems,Manufacturing,3741428,nikhil.varma@polarisio.com,10
Tidewater Technologies,Media & Entertainment,3385544,ingrid.solheim@polarisio.com,3
Birch Enterprises,Professional Services,2709821,clara.bergstrom@polarisio.com,7
Slate Dynamics,Transportation,2528216,priya.raghunathan@polarisio.com,9
Galewind Enterprises,Technology,2187155,priya.raghunathan@polarisio.com,10
Citadel Laboratories,Energy,4876394,tomas.eklund@polarisio.com,4
Larkspur Logistics,Energy,597076,tomas.eklund@polarisio.com,1
Obsidian Laboratories,Financial Services,1977404,marcus.oyelaran@polarisio.com,5
Equinox Partners,Media & Entertainment,175644,june.tanaka@polarisio.com,9
Southfield Enterprises,Healthcare,2112920,marcus.oyelaran@polarisio.com,4
Lakeshore Networks,Technology,3712703,olu.adebayo@polarisio.com,7
Helix Enterprises,Manufacturing,1106518,tomas.eklund@polarisio.com,7
Windward Laboratories,Energy,45896,dana.whitfield@polarisio.com,3
Legacy Holdings,Professional Services,4587044,tomas.eklund@polarisio.com,7
Fathom Software,Education,652010,marcus.oyelaran@polarisio.com,9
Radiant Ventures,Retail,3734171,tomas.eklund@polarisio.com,9
Alder Digital,Healthcare,2733714,olu.adebayo@polarisio.com,3
Oakline Networks,Technology,871034,june.tanaka@polarisio.com,7
Oakline Enterprises,Education,4618413,rafael.mendoza@polarisio.com,5
Longview Holdings,Media & Entertainment,940686,ingrid.solheim@polarisio.com,10
Mesa Networks,Energy,2853572,tomas.eklund@polarisio.com,10
Kestrel Materials,Manufacturing,3040054,june.tanaka@polarisio.com,7
Ember Systems,Financial Services,50532,rafael.mendoza@polarisio.com,4
Maverick Digital,Technology,3065072,ingrid.solheim@polarisio.com,4
Aurora Digital,Energy,2669360,ingrid.solheim@polarisio.com,-1
Clarion Solutions,Manufacturing,692897,olu.adebayo@polarisio.com,10
Marble Laboratories,Technology,1148786,olu.adebayo@polarisio.com,3
Seabright Holdings,Education,550457,tomas.eklund@polarisio.com,7
Aspen Partners,Manufacturing,-933861,rafael.mendoza@polarisio.com,4
Delta Solutions,Professional Services,4571146,june.tanaka@polarisio.com,5
Alloy Technologies,Financial Services,2791351,olu.adebayo@polarisio.com,8
Winterset Analytics,Professional Services,24080,ingrid.solheim@polarisio.com,1
Gateway Partners,Retail,2692253,marcus.oyelaran@polarisio.com,2
Redwood Robotics,Manufacturing,88052,ingrid.solheim@polarisio.com,7
Mistral Group,Retail,1233652,dana.whitfield@polarisio.com,10
Torchlight Ventures,Technology,3204971,priya.raghunathan@polarisio.com,1
Trailhead Software,Professional Services,254254,priya.raghunathan@polarisio.com,4
Monarch Enterprises,Transportation,593689,marcus.oyelaran@polarisio.com,6
Sunfield Holdings,Transportation,1682807,rafael.mendoza@polarisio.com,1
Tallgrass Analytics,Healthcare,3413140,marcus.oyelaran@polarisio.com,6
Anchor Systems,Education,393814,rafael.mendoza@polarisio.com,8
Vista Robotics,Manufacturing,4627891,june.tanaka@polarisio.com,7
Upland Digital,Technology,2719514,june.tanaka@polarisio.com,7
Seabright Group,Education,3163376,tomas.eklund@polarisio.com,7
Millbrook Associates,Healthcare,1826917,olu.adebayo@polarisio.com,10
Grovewood Networks,Technology,771512,priya.raghunathan@polarisio.com,5
Nova Associates,Financial Services,1086944,marcus.oyelaran@polarisio.com,7
Trailhead Systems,Manufacturing,4077791,priya.raghunathan@polarisio.com,9
Granite Logistics,Energy,4544748,ingrid.solheim@polarisio.com,9
Palisade Ventures,Technology,3169205,nikhil.varma@polarisio.com,9
Atlas Group,Technology,3907783,nikhil.varma@polarisio.com,5
Northstar Dynamics,Healthcare,3938183,marcus.oyelaran@polarisio.com,8
Lighthouse Holdings,Professional Services,4096849,rafael.mendoza@polarisio.com,6
Yellowstone Systems,Professional Services,1303106,olu.adebayo@polarisio.com,7
Ardent Logistics,Professional Services,4124132,rafael.mendoza@polarisio.com,9
Mariner Logistics,Professional Services,3839763,nikhil.varma@polarisio.com,7
Stratus Industries,Education,1418341,marcus.oyelaran@polarisio.com,6
Sterling Enterprises,Manufacturing,2393835,olu.adebayo@polarisio.com,3
Tempest Capital,Media & Entertainment,326876,dana.whitfield@polarisio.com,5
Falcon Networks,Media & Entertainment,4587868,ingrid.solheim@polarisio.com,3
Quarry Holdings,Healthcare,4841561,clara.bergstrom@polarisio.com,3
Lantern Ventures,Media & Entertainment,4037959,rafael.mendoza@polarisio.com,10
Stonebridge Enterprises,Education,2617228,marcus.oyelaran@polarisio.com,2
Frontier Analytics,Manufacturing,1172464,nikhil.varma@polarisio.com,9
Apex Laboratories,Financial Services,3691305,rafael.mendoza@polarisio.com,7
Foundry Solutions,Professional Services,3768923,marcus.oyelaran@polarisio.com,8
Ardent Solutions,Technology,4938945,clara.bergstrom@polarisio.com,7
Tallgrass Digital,Retail,4885347,june.tanaka@polarisio.com,10
Westfield Enterprises,Professional Services,4595340,nikhil.varma@polarisio.com,4
Coral Technologies,Technology,3175819,rafael.mendoza@polarisio.com,2
Vista Ventures,Financial Services,3580964,june.tanaka@polarisio.com,2
Lakeshore Digital,Retail,65103,ingrid.solheim@polarisio.com,4
Sierra Logistics,Technology,3306517,ingrid.solheim@polarisio.com,5
Thornton Networks,Manufacturing,3134477,olu.adebayo@polarisio.com,10
Granite Laboratories,Healthcare,1989424,june.tanaka@polarisio.com,6
Larkspur Systems,Technology,4637105,ingrid.solheim@polarisio.com,9
Windward Group,Technology,1235887,rafael.mendoza@polarisio.com,8
Redwood Analytics,Technology,1697680,ingrid.solheim@polarisio.com,5
Anchor Partners,Transportation,927011,olu.adebayo@polarisio.com,8
Voyager Software,Education,4094090,olu.adebayo@polarisio.com,10
Atlas Solutions,Education,442538,marcus.oyelaran@polarisio.com,7
Oakhaven Enterprises,Professional Services,1514683,ingrid.solheim@polarisio.com,3
Stillwater Associates,Technology,2441490,ingrid.solheim@polarisio.com,9
Argon Materials,Healthcare,4922436,dana.whitfield@polarisio.com,2
Vireo Systems,Transportation,364528,olu.adebayo@polarisio.com,6
Sentinel Enterprises,Healthcare,4374670,ingrid.solheim@polarisio.com,10
Wavecrest Solutions,Financial Services,990163,ingrid.solheim@polarisio.com,6
Zephyr Logistics,Technology,2020546,ingrid.solheim@polarisio.com,9
Mosswood Robotics,Healthcare,1448005,marcus.oyelaran@polarisio.com,9
Blackstone Logistics,Energy,4577746,olu.adebayo@polarisio.com,6
Orbit Logistics,Energy,1797935,tomas.eklund@polarisio.com,8
Vertex Group,Professional Services,2918868,olu.adebayo@polarisio.com,7
Ember Solutions,Manufacturing,3040531,olu.adebayo@polarisio.com,2
Trailhead Dynamics,Transportation,1195929,marcus.oyelaran@polarisio.com,1
Ledger Laboratories,Manufacturing,2651611,dana.whitfield@polarisio.com,5
Nova Consulting,Media & Entertainment,3737178,june.tanaka@polarisio.com,2
Bedrock Consulting,Education,3690240,tomas.eklund@polarisio.com,1
Citadel Group,Technology,4807588,nikhil.varma@polarisio.com,10
Aurora Systems,Retail,549072,rafael.mendoza@polarisio.com,1
Yellowstone Logistics,Transportation,2697971,june.tanaka@polarisio.com,10
Ridgeline Diagnostics,Retail,1345409,dana.whitfield@polarisio.com,9
Tundra Technologies,Professional Services,224216,ingrid.solheim@polarisio.com,2
Cadence Enterprises,Professional Services,3003269,tomas.eklund@polarisio.com,10
Citadel Holdings,Financial Services,3152803,priya.raghunathan@polarisio.com,3
Copper Holdings,Healthcare,4533114,nikhil.varma@polarisio.com,5
Fathom Systems,Transportation,467733,dana.whitfield@polarisio.com,3
Alder Diagnostics,Energy,1092940,priya.raghunathan@polarisio.com,4
Alloy Analytics,Professional Services,1962550,priya.raghunathan@polarisio.com,2
Blackstone Diagnostics,Healthcare,4833133,tomas.eklund@polarisio.com,5
Cypress Solutions,Education,1688367,june.tanaka@polarisio.com,7
Vista Software,Transportation,3946680,olu.adebayo@polarisio.com,3
Kestrel Capital,Retail,1281775,rafael.mendoza@polarisio.com,7
Quartz Dynamics,Media & Entertainment,1524210,june.tanaka@polarisio.com,1
Onyx Robotics,Transportation,3745080,olu.adebayo@polarisio.com,5
Dunmore Ventures,Technology,4884427,olu.adebayo@polarisio.com,10
Waypoint Systems,Media & Entertainment,3376630,marcus.oyelaran@polarisio.com,5
Pemberton Robotics,Technology,1274821,priya.raghunathan@polarisio.com,4
Harbor Diagnostics,Technology,4814311,nikhil.varma@polarisio.com,7
Galewind Associates,Education,2195729,nikhil.varma@polarisio.com,5
Nova Digital,Technology,1480280,olu.adebayo@polarisio.com,8
Kindred Dynamics,Transportation,2253879,priya.raghunathan@polarisio.com,9
Copper Laboratories,Transportation,4929414,priya.raghunathan@polarisio.com,1
Riverstone Networks,Technology,208813,nikhil.varma@polarisio.com,2
Evergreen Dynamics,Energy,1960459,marcus.oyelaran@polarisio.com,5
Longview Partners,Manufacturing,4341640,june.tanaka@polarisio.com,6
Ironwood Networks,Professional Services,467570,clara.bergstrom@polarisio.com,3
Magnolia Holdings,Financial Services,3184115,ingrid.solheim@polarisio.com,5
Helix Group,Professional Services,2680520,nikhil.varma@polarisio.com,10
Quarry Ventures,Media & Entertainment,1429277,dana.whitfield@polarisio.com,10
Echo Software,Professional Services,2137625,ingrid.solheim@polarisio.com,9
Sentinel Robotics,Technology,565723,ingrid.solheim@polarisio.com,1
Nimbus Holdings,Healthcare,1251964,marcus.oyelaran@polarisio.com,6
Mariner Solutions,Transportation,3783090,rafael.mendoza@polarisio.com,1
Crescent Logistics,Transportation,3608345,tomas.eklund@polarisio.com,8
Summit Software,Education,4839171,marcus.oyelaran@polarisio.com,3
Lakeshore Laboratories,Financial Services,1730967,clara.bergstrom@polarisio.com,1
Cypress Solutions,Education,1518743,june.tanaka@polarisio.com,5
Lantern Technologies,Financial Services,2986465,june.tanaka@polarisio.com,7
Westbrook Solutions,Education,1544019,marcus.oyelaran@polarisio.com,7
Wildflower Holdings,Manufacturing,1198391,ingrid.solheim@polarisio.com,4
Halcyon Dynamics,Energy,3833397,priya.raghunathan@polarisio.com,10
Equinox Group,Media & Entertainment,4960653,june.tanaka@polarisio.com,6
Delta Capital,Professional Services,-1325234,nikhil.varma@polarisio.com,3
Chandler Partners,Media & Entertainment,4712270,june.tanaka@polarisio.com,7
Westfield Networks,Education,2011796,clara.bergstrom@polarisio.com,2
Jasper Software,Media & Entertainment,-1883231,nikhil.varma@polarisio.com,5
Meridian Laboratories,Healthcare,-1016440,marcus.oyelaran@polarisio.com,10
Chandler Software,Healthcare,4813415,rafael.mendoza@polarisio.com,3
Quarry Systems,Energy,1890979,priya.raghunathan@polarisio.com,8
Eastgate Software,Retail,3347655,tomas.eklund@polarisio.com,10
Tempest Laboratories,Professional Services,1307841,marcus.oyelaran@polarisio.com,1
Tallgrass Materials,Technology,1206987,olu.adebayo@polarisio.com,2
Verdant Solutions,Healthcare,2345871,nikhil.varma@polarisio.com,6
Maverick Ventures,Healthcare,3238601,rafael.mendoza@polarisio.com,9
Zephyr Group,Technology,109153,tomas.eklund@polarisio.com,7
Quasar Materials,Healthcare,3487048,rafael.mendoza@polarisio.com,3
Silverton Robotics,Energy,2557216,tomas.eklund@polarisio.com,4
Bramble Software,Manufacturing,4352007,rafael.mendoza@polarisio.com,8
Lakeshore Systems,Financial Services,3178089,clara.bergstrom@polarisio.com,4
Rosewood Industries,Professional Services,2156968,dana.whitfield@polarisio.com,6
Timberline Industries,Transportation,1716720,priya.raghunathan@polarisio.com,6
Bastion Group,Financial Services,4251247,marcus.oyelaran@polarisio.com,5
Quasar Networks,Media & Entertainment,2894138,tomas.eklund@polarisio.com,4
Jasper Digital,Retail,1858648,ingrid.solheim@polarisio.com,8
Crescent Analytics,Retail,1256601,priya.raghunathan@polarisio.com,5
Maverick Associates,Technology,1364058,clara.bergstrom@polarisio.com,10
Timberline Diagnostics,Energy,767061,tomas.eklund@polarisio.com,10
Overland Materials,Technology,767133,dana.whitfield@polarisio.com,4
Crescent Ventures,Technology,1705161,marcus.oyelaran@polarisio.com,8
Tempest Solutions,Media & Entertainment,2950356,nikhil.varma@polarisio.com,10
Arbor Group,Manufacturing,4717415,nikhil.varma@polarisio.com,9
Cascade Solutions,Education,2454074,ingrid.solheim@polarisio.com,10
Brightline Materials,Healthcare,3997393,marcus.oyelaran@polarisio.com,6
Equinox Digital,Retail,1518404,dana.whitfield@polarisio.com,6
Axiom Robotics,Education,2519885,ingrid.solheim@polarisio.com,10
Opaline Consulting,Retail,768262,ingrid.solheim@polarisio.com,1
Lighthouse Capital,Energy,3460051,clara.bergstrom@polarisio.com,2
Saffron Dynamics,Healthcare,3216185,clara.bergstrom@polarisio.com,10
Riverstone Enterprises,Healthcare,1703578,olu.adebayo@polarisio.com,7
Rampart Networks,Manufacturing,222773,nikhil.varma@polarisio.com,4
Titan Laboratories,Energy,377854,ingrid.solheim@polarisio.com,0
Cascade Group,Education,4787438,olu.adebayo@polarisio.com,5
Mariner Consulting,Transportation,3726255,rafael.mendoza@polarisio.com,6
Westfield Logistics,Financial Services,2103826,clara.bergstrom@polarisio.com,3
Stonebridge Associates,Energy,1976160,june.tanaka@polarisio.com,4
Alder Materials,Healthcare,175605,dana.whitfield@polarisio.com,2
Oakhaven Capital,Retail,2718025,rafael.mendoza@polarisio.com,7
Upland Partners,Media & Entertainment,3416048,june.tanaka@polarisio.com,7
Magnolia Logistics,Retail,3005101,priya.raghunathan@polarisio.com,3
Trellis Networks,Financial Services,4699455,rafael.mendoza@polarisio.com,2
Solstice Enterprises,Healthcare,595872,june.tanaka@polarisio.com,9
Beacon Laboratories,Retail,3281051,marcus.oyelaran@polarisio.com,6
Saffron Group,Manufacturing,804613,olu.adebayo@polarisio.com,2
Nightingale Ventures,Retail,2906532,priya.raghunathan@polarisio.com,3
Legacy Associates,Financial Services,364270,olu.adebayo@polarisio.com,1
Tidewater Holdings,Media & Entertainment,4723558,june.tanaka@polarisio.com,4
Ledger Systems,Media & Entertainment,3014526,priya.raghunathan@polarisio.com,5
Umbra Dynamics,Professional Services,4386788,tomas.eklund@polarisio.com,8
Bedrock Analytics,Manufacturing,2531615,dana.whitfield@polarisio.com,9
Fathom Solutions,Manufacturing,2159529,ingrid.solheim@polarisio.com,2
Winterset Diagnostics,Education,4324337,clara.bergstrom@polarisio.com,8
Obsidian Ventures,Technology,4608235,june.tanaka@polarisio.com,5
Saffron Enterprises,Professional Services,595599,tomas.eklund@polarisio.com,6
Crescent Solutions,Healthcare,3446211,june.tanaka@polarisio.com,4
Vista Digital,Media & Entertainment,4393737,june.tanaka@polarisio.com,9
Birch Diagnostics,Retail,2808184,olu.adebayo@polarisio.com,7
Elmwood Diagnostics,Professional Services,1588370,marcus.oyelaran@polarisio.com,10
Torchlight Technologies,Technology,4895906,dana.whitfield@polarisio.com,2
Lakeshore Materials,Education,4132612,june.tanaka@polarisio.com,7
Obsidian Systems,Healthcare,3280267,ingrid.solheim@polarisio.com,4
Sunfield Ventures,Professional Services,4294942,ingrid.solheim@polarisio.com,3
Frontier Dynamics,Technology,1686903,ingrid.solheim@polarisio.com,-1
Wildflower Systems,Education,1290959,tomas.eklund@polarisio.com,4
Alloy Holdings,Transportation,4298856,clara.bergstrom@polarisio.com,10
Mariner Partners,Professional Services,2831709,june.tanaka@polarisio.com,8
Chandler Laboratories,Education,3777904,clara.bergstrom@polarisio.com,3
Frontier Solutions,Professional Services,4379925,olu.adebayo@polarisio.com,7
Slate Software,Financial Services,1631180,tomas.eklund@polarisio.com,1
Trellis Consulting,Education,4691010,june.tanaka@polarisio.com,6
Crescent Associates,Transportation,1386093,june.tanaka@polarisio.com,3
Jasper Technologies,Professional Services,4824043,june.tanaka@polarisio.com,7
Lattice Robotics,Professional Services,355131,olu.adebayo@polarisio.com,9
Mosswood Digital,Technology,1250543,ingrid.solheim@polarisio.com,10
Stratus Systems,Professional Services,1116912,ingrid.solheim@polarisio.com,3
Granite Materials,Transportation,4534751,nikhil.varma@polarisio.com,8
Redwood Materials,Transportation,173829,june.tanaka@polarisio.com,6
Hillcrest Robotics,Technology,1054193,june.tanaka@polarisio.com,10
Verdant Laboratories,Manufacturing,948790,dana.whitfield@polarisio.com,4
Cedar Materials,Financial Services,2840218,june.tanaka@polarisio.com,10
Orbit Partners,Healthcare,2074918,olu.adebayo@polarisio.com,2
Aurora Consulting,Transportation,3040396,june.tanaka@polarisio.com,8
Quarry Industries,Manufacturing,3729771,priya.raghunathan@polarisio.com,2
Beacon Materials,Energy,1367235,marcus.oyelaran@polarisio.com,4
Meridian Software,Professional Services,855134,rafael.mendoza@polarisio.com,6
Ridgeline Associates,Energy,4843788,marcus.oyelaran@polarisio.com,10
Stonebridge Ventures,Retail,2864846,rafael.mendoza@polarisio.com,1
Everest Group,Healthcare,3714255,ingrid.solheim@polarisio.com,2
Orbit Ventures,Media & Entertainment,2296655,rafael.mendoza@polarisio.com,5
Delta Partners,Education,1119294,clara.bergstrom@polarisio.com,1
Veridian Software,Healthcare,2801738,tomas.eklund@polarisio.com,10
Trailhead Diagnostics,Education,4544285,clara.bergstrom@polarisio.com,1
Goldleaf Consulting,Education,1480783,rafael.mendoza@polarisio.com,8
Trellis Materials,Transportation,292029,june.tanaka@polarisio.com,9
Mariner Associates,Financial Services,3048546,nikhil.varma@polarisio.com,2
Southfield Materials,Transportation,2354343,tomas.eklund@polarisio.com,6
Beacon Enterprises,Energy,4726540,priya.raghunathan@polarisio.com,9
Helix Technologies,Manufacturing,2615003,olu.adebayo@polarisio.com,8
Whitestone Laboratories,Technology,517436,priya.raghunathan@polarisio.com,5
Basalt Laboratories,Manufacturing,4239496,olu.adebayo@polarisio.com,6
Summit Networks,Healthcare,2336055,dana.whitfield@polarisio.com,7
Horizon Laboratories,Energy,3013851,priya.raghunathan@polarisio.com,4
Cadence Logistics,Financial Services,738490,ingrid.solheim@polarisio.com,7
Wavecrest Laboratories,Healthcare,1204554,ingrid.solheim@polarisio.com,8
Titan Enterprises,Media & Entertainment,2935184,olu.adebayo@polarisio.com,5
Sterling Technologies,Media & Entertainment,1393984,rafael.mendoza@polarisio.com,8
Crescent Technologies,Professional Services,4941948,nikhil.varma@polarisio.com,2
Nightingale Analytics,Media & Entertainment,4275945,marcus.oyelaran@polarisio.com,6
Wildflower Laboratories,Transportation,4514984,june.tanaka@polarisio.com,2
Millbrook Dynamics,Healthcare,186108,priya.raghunathan@polarisio.com,7
Lodestar Capital,Retail,4408846,dana.whitfield@polarisio.com,6
Delta Networks,Media & Entertainment,3980646,marcus.oyelaran@polarisio.com,8
Mesa Software,Professional Services,1362631,june.tanaka@polarisio.com,1
Rosewood Partners,Financial Services,1500725,dana.whitfield@polarisio.com,10
Apex Dynamics,Energy,2346381,nikhil.varma@polarisio.com,10
Pillar Holdings,Retail,4821040,june.tanaka@polarisio.com,4
Everest Holdings,Financial Services,757770,nikhil.varma@polarisio.com,5
Peregrine Technologies,Financial Services,118193,priya.raghunathan@polarisio.com,9
Marble Materials,Financial Services,2474439,marcus.oyelaran@polarisio.com,8
Ridgeline Analytics,Education,3652742,nikhil.varma@polarisio.com,4
Lantern Enterprises,Professional Services,3512058,clara.bergstrom@polarisio.com,5
Millbrook Diagnostics,Technology,3153212,priya.raghunathan@polarisio.com,10
Fernwood Industries,Financial Services,760208,marcus.oyelaran@polarisio.com,7
Aspen Ventures,Transportation,4428133,marcus.oyelaran@polarisio.com,8
Legacy Materials,Education,758997,nikhil.varma@polarisio.com,1
Oakhaven Holdings,Healthcare,137982,nikhil.varma@polarisio.com,9
Mariner Dynamics,Transportation,502850,dana.whitfield@polarisio.com,6
Ascend Group,Financial Services,4981346,clara.bergstrom@polarisio.com,4
Goldleaf Software,Transportation,3189647,priya.raghunathan@polarisio.com,1
Galewind Solutions,Manufacturing,994202,priya.raghunathan@polarisio.com,10
Rosewood Associates,Professional Services,2757943,ingrid.solheim@polarisio.com,4
Umbra Associates,Transportation,4914999,clara.bergstrom@polarisio.com,2
Apex Logistics,Healthcare,4620317,ingrid.solheim@polarisio.com,9
Legacy Networks,Transportation,3013839,marcus.oyelaran@polarisio.com,6
Fathom Industries,Media & Entertainment,4677121,june.tanaka@polarisio.com,9
Quartz Capital,Technology,4264520,dana.whitfield@polarisio.com,10
Opaline Robotics,Manufacturing,3286893,marcus.oyelaran@polarisio.com,9
Midland Digital,Manufacturing,1346795,ingrid.solheim@polarisio.com,3
Hillcrest Enterprises,Healthcare,4142772,nikhil.varma@polarisio.com,1
Rampart Capital,Professional Services,1870366,june.tanaka@polarisio.com,2
Silverton Solutions,Transportation,3897715,tomas.eklund@polarisio.com,1
Umbra Industries,Financial Services,2751162,june.tanaka@polarisio.com,7
Wellspring Systems,Professional Services,1957688,tomas.eklund@polarisio.com,1
Quartz Solutions,Transportation,1123312,tomas.eklund@polarisio.com,1
Lantern Partners,Manufacturing,4576970,nikhil.varma@polarisio.com,10
Crestview Diagnostics,Healthcare,2961584,june.tanaka@polarisio.com,10
Pillar Analytics,Energy,748544,priya.raghunathan@polarisio.com,10
Yarrow Networks,Professional Services,808948,june.tanaka@polarisio.com,4
Chandler Robotics,Healthcare,4713980,tomas.eklund@polarisio.com,3
Sable Capital,Technology,1748116,tomas.eklund@polarisio.com,4
Hallmark Laboratories,Professional Services,49019,ingrid.solheim@polarisio.com,3
Grovewood Partners,Education,3324700,june.tanaka@polarisio.com,10
Larkspur Consulting,Transportation,1420865,tomas.eklund@polarisio.com,9
Equinox Materials,Healthcare,3892910,priya.raghunathan@polarisio.com,3
Atlas Dynamics,Professional Services,1246880,marcus.oyelaran@polarisio.com,8
Ledger Software,Transportation,701370,tomas.eklund@polarisio.com,10
Alder Partners,Professional Services,3939788,priya.raghunathan@polarisio.com,5
Quarry Capital,Technology,418229,june.tanaka@polarisio.com,4
Winterset Associates,Transportation,4363226,june.tanaka@polarisio.com,5
Mesa Ventures,Professional Services,4460147,olu.adebayo@polarisio.com,9
Laurel Systems,Transportation,3978932,rafael.mendoza@polarisio.com,8
Nova Solutions,Manufacturing,2216152,clara.bergstrom@polarisio.com,4
Ember Logistics,Energy,3111828,priya.raghunathan@polarisio.com,5
Cadence Ventures,Professional Services,410373,clara.bergstrom@polarisio.com,2
Overland Dynamics,Professional Services,1927356,marcus.oyelaran@polarisio.com,5
Dunmore Materials,Transportation,765670,tomas.eklund@polarisio.com,7
Tidewater Logistics,Manufacturing,4925968,tomas.eklund@polarisio.com,8
Yellowstone Robotics,Education,3535254,ingrid.solheim@polarisio.com,8
Delta Diagnostics,Financial Services,720208,priya.raghunathan@polarisio.com,7
Stonebridge Dynamics,Transportation,404678,dana.whitfield@polarisio.com,6
Pemberton Technologies,Professional Services,512323,clara.bergstrom@polarisio.com,4
Tallgrass Systems,Retail,901966,june.tanaka@polarisio.com,9
Kindred Technologies,Healthcare,3790416,nikhil.varma@polarisio.com,4
Veridian Partners,Manufacturing,3152747,tomas.eklund@polarisio.com,4
Galewind Consulting,Education,4666413,marcus.oyelaran@polarisio.com,8
Trailhead Solutions,Technology,4396188,marcus.oyelaran@polarisio.com,7
Hillcrest Associates,Financial Services,663425,nikhil.varma@polarisio.com,8
Sable Consulting,Education,2943077,clara.bergstrom@polarisio.com,11
Radiant Networks,Education,3036591,ingrid.solheim@polarisio.com,4
Lakeshore Capital,Technology,3242408,june.tanaka@polarisio.com,4
Tallgrass Industries,Technology,202687,clara.bergstrom@polarisio.com,10
Equinox Industries,Professional Services,576604,nikhil.varma@polarisio.com,4
Northgate Materials,Education,1467202,priya.raghunathan@polarisio.com,4
Redwood Digital,Manufacturing,4397912,ingrid.solheim@polarisio.com,4
Citadel Industries,Energy,957388,june.tanaka@polarisio.com,8
Lighthouse Networks,Technology,4650798,june.tanaka@polarisio.com,10
Fathom Logistics,Transportation,1449511,june.tanaka@polarisio.com,1
Wellspring Robotics,Education,2844819,olu.adebayo@polarisio.com,8
Citadel Capital,Professional Services,1739981,priya.raghunathan@polarisio.com,2
Voyager Group,Professional Services,1687926,priya.raghunathan@polarisio.com,6
Bedrock Technologies,Transportation,3089564,olu.adebayo@polarisio.com,1
Falcon Analytics,Professional Services,446650,priya.raghunathan@polarisio.com,7
Hallmark Capital,Financial Services,3259162,rafael.mendoza@polarisio.com,3
Horizon Industries,Healthcare,4134242,rafael.mendoza@polarisio.com,4
Willowbrook Industries,Healthcare,4724242,tomas.eklund@polarisio.com,8
Rosewood Holdings,Manufacturing,2042686,marcus.oyelaran@polarisio.com,5
Cardinal Laboratories,Technology,3444804,ingrid.solheim@polarisio.com,7
Linden Capital,Education,1763299,clara.bergstrom@polarisio.com,4
Meridian Associates,Financial Services,4346968,clara.bergstrom@polarisio.com,6
Alder Holdings,Technology,1229488,dana.whitfield@polarisio.com,10
Lantern Materials,Technology,3496976,clara.bergstrom@polarisio.com,2
Grovewood Software,Manufacturing,3867076,nikhil.varma@polarisio.com,6
Alder Networks,Media & Entertainment,4073947,clara.bergstrom@polarisio.com,6
Stonebridge Materials,Media & Entertainment,3803338,clara.bergstrom@polarisio.com,9
Pillar Digital,Transportation,4801740,clara.bergstrom@polarisio.com,10
Jasper Industries,Transportation,4687174,olu.adebayo@polarisio.com,3
Bastion Logistics,Energy,324284,priya.raghunathan@polarisio.com,5
Pemberton Logistics,Technology,2062802,clara.bergstrom@polarisio.com,5
Stratus Digital,Education,513755,dana.whitfield@polarisio.com,6
Ascend Systems,Healthcare,3165215,priya.raghunathan@polarisio.com,1
Sterling Consulting,Healthcare,608516,rafael.mendoza@polarisio.com,1
Bastion Robotics,Healthcare,3227867,dana.whitfield@polarisio.com,2
Tempest Partners,Media & Entertainment,2722973,nikhil.varma@polarisio.com,2
Mistral Digital,Manufacturing,1175318,nikhil.varma@polarisio.com,1
Keystone Enterprises,Energy,-2993456,priya.raghunathan@polarisio.com,3
Ridgeline Enterprises,Media & Entertainment,400073,nikhil.varma@polarisio.com,2
Nimbus Enterprises,Manufacturing,1711491,tomas.eklund@polarisio.com,2
Wildflower Analytics,Healthcare,1586518,olu.adebayo@polarisio.com,4
Solstice Dynamics,Manufacturing,4871640,olu.adebayo@polarisio.com,2
Vanguard Consulting,Energy,4329325,marcus.oyelaran@polarisio.com,2
Winterset Holdings,Technology,3620510,marcus.oyelaran@polarisio.com,7
Horizon Software,Manufacturing,3924946,ingrid.solheim@polarisio.com,9
Bedrock Partners,Financial Services,3007966,priya.raghunathan@polarisio.com,15
Orbit Networks,Energy,373373,marcus.oyelaran@polarisio.com,1
Fathom Networks,Professional Services,2656629,clara.bergstrom@polarisio.com,9
Ardent Ventures,Financial Services,3340659,marcus.oyelaran@polarisio.com,2
Marble Group,Technology,4608737,rafael.mendoza@polarisio.com,4
Veridian Laboratories,Education,4806310,ingrid.solheim@polarisio.com,1
Grovewood Holdings,Manufacturing,397513,nikhil.varma@polarisio.com,10
Radiant Robotics,Education,3316375,nikhil.varma@polarisio.com,10
Cadence Group,Professional Services,4464884,olu.adebayo@polarisio.com,7
Aurora Dynamics,Healthcare,3023700,olu.adebayo@polarisio.com,2
Bastion Dynamics,Technology,2560731,nikhil.varma@polarisio.com,5
Lodestar Robotics,Education,2270058,june.tanaka@polarisio.com,10
Beacon Ventures,Technology,847257,priya.raghunathan@polarisio.com,1
Hillcrest Materials,Education,1843465,nikhil.varma@polarisio.com,5
Ascend Industries,Technology,3308956,dana.whitfield@polarisio.com,3
Stratus Logistics,Education,509591,dana.whitfield@polarisio.com,3
Clarion Robotics,Transportation,1485452,priya.raghunathan@polarisio.com,1
Sterling Diagnostics,Energy,4620920,marcus.oyelaran@polarisio.com,5
Linden Enterprises,Professional Services,2930034,rafael.mendoza@polarisio.com,5
Mistral Ventures,Professional Services,105918,june.tanaka@polarisio.com,1
Maplewood Networks,Healthcare,2893931,clara.bergstrom@polarisio.com,7
Anchor Materials,Technology,621693,marcus.oyelaran@polarisio.com,10
Willowbrook Laboratories,Media & Entertainment,961050,june.tanaka@polarisio.com,5
Ivory Group,Education,3806637,marcus.oyelaran@polarisio.com,10
Delta Industries,Technology,4399894,priya.raghunathan@polarisio.com,6
Vanguard Enterprises,Energy,3790292,rafael.mendoza@polarisio.com,10
Frontier Digital,Retail,3151196,ingrid.solheim@polarisio.com,5
Sunfield Industries,Education,4424551,june.tanaka@polarisio.com,10
Tallgrass Associates,Professional Services,3036012,june.tanaka@polarisio.com,5
Cardinal Group,Manufacturing,291935,nikhil.varma@polarisio.com,9
Pemberton Solutions,Retail,3344087,tomas.eklund@polarisio.com,7
Cypress Consulting,Financial Services,3061246,rafael.mendoza@polarisio.com,3
Whitestone Networks,Healthcare,1425352,marcus.oyelaran@polarisio.com,6
Quartz Digital,Professional Services,337866,marcus.oyelaran@polarisio.com,5
Kindred Dynamics,Transportation,2559831,priya.raghunathan@polarisio.com,10
Apex Solutions,Energy,2661316,marcus.oyelaran@polarisio.com,8
Rosewood Capital,Healthcare,2992853,olu.adebayo@polarisio.com,3
Keystone Software,Manufacturing,4391659,dana.whitfield@polarisio.com,7
Sunfield Software,Financial Services,3148239,ingrid.solheim@polarisio.com,9
Aspen Analytics,Retail,4919082,ingrid.solheim@polarisio.com,8
Millbrook Technologies,Healthcare,3356472,rafael.mendoza@polarisio.com,11
Verdant Ventures,Manufacturing,4215804,june.tanaka@polarisio.com,10
Saffron Systems,Healthcare,4255879,ingrid.solheim@polarisio.com,6
Pillar Group,Energy,1763943,dana.whitfield@polarisio.com,11
Driftwood Industries,Financial Services,4509257,marcus.oyelaran@polarisio.com,3
Bramble Capital,Education,2083426,dana.whitfield@polarisio.com,5
Tundra Capital,Media & Entertainment,4243669,rafael.mendoza@polarisio.com,3
Dunmore Digital,Retail,4605329,rafael.mendoza@polarisio.com,9
Pinnacle Diagnostics,Manufacturing,45069,dana.whitfield@polarisio.com,9
Pemberton Industries,Healthcare,3479377,june.tanaka@polarisio.com,6
Seabright Solutions,Technology,4081009,olu.adebayo@polarisio.com,9
Helix Partners,Professional Services,326714,june.tanaka@polarisio.com,7
Dunmore Technologies,Transportation,2552122,priya.raghunathan@polarisio.com,8
Lakeshore Dynamics,Media & Entertainment,2080645,clara.bergstrom@polarisio.com,6
Apex Holdings,Healthcare,2363977,priya.raghunathan@polarisio.com,9
Magnolia Software,Media & Entertainment,3382244,clara.bergstrom@polarisio.com,5
Ember Group,Energy,1961816,rafael.mendoza@polarisio.com,9
Echo Robotics,Healthcare,1999092,june.tanaka@polarisio.com,4
Helix Software,Manufacturing,3566910,priya.raghunathan@polarisio.com,10
Maplewood Holdings,Professional Services,417576,nikhil.varma@polarisio.com,1
Cardinal Materials,Education,2623667,rafael.mendoza@polarisio.com,3
Tundra Technologies,Professional Services,213061,ingrid.solheim@polarisio.com,3
Jasper Dynamics,Technology,2463630,june.tanaka@polarisio.com,4
